-- MySQL dump 10.13  Distrib 8.0.18, for Win64 (x86_64)
--
-- Host: 127.0.0.1    Database: zoo2
-- ------------------------------------------------------
-- Server version	5.7.27-0ubuntu0.18.04.1

/*!40101 SET @OLD_CHARACTER_SET_CLIENT=@@CHARACTER_SET_CLIENT */;
/*!40101 SET @OLD_CHARACTER_SET_RESULTS=@@CHARACTER_SET_RESULTS */;
/*!40101 SET @OLD_COLLATION_CONNECTION=@@COLLATION_CONNECTION */;
/*!50503 SET NAMES utf8 */;
/*!40103 SET @OLD_TIME_ZONE=@@TIME_ZONE */;
/*!40103 SET TIME_ZONE='+00:00' */;
/*!40014 SET @OLD_UNIQUE_CHECKS=@@UNIQUE_CHECKS, UNIQUE_CHECKS=0 */;
/*!40014 SET @OLD_FOREIGN_KEY_CHECKS=@@FOREIGN_KEY_CHECKS, FOREIGN_KEY_CHECKS=0 */;
/*!40101 SET @OLD_SQL_MODE=@@SQL_MODE, SQL_MODE='NO_AUTO_VALUE_ON_ZERO' */;
/*!40111 SET @OLD_SQL_NOTES=@@SQL_NOTES, SQL_NOTES=0 */;

--
-- Table structure for table `answer`
--

DROP TABLE IF EXISTS `answer`;
/*!40101 SET @saved_cs_client     = @@character_set_client */;
/*!50503 SET character_set_client = utf8mb4 */;
CREATE TABLE `answer` (
  `ans_id` int(11) NOT NULL AUTO_INCREMENT,
  `answer` mediumtext NOT NULL,
  `personality_lvl` int(11) NOT NULL,
  `create_datetime` date NOT NULL,
  `ques_id` int(11) NOT NULL,
  PRIMARY KEY (`ans_id`)
) ENGINE=InnoDB AUTO_INCREMENT=25 DEFAULT CHARSET=latin1 COMMENT='answer for question';
/*!40101 SET character_set_client = @saved_cs_client */;

--
-- Dumping data for table `answer`
--

LOCK TABLES `answer` WRITE;
/*!40000 ALTER TABLE `answer` DISABLE KEYS */;
INSERT INTO `answer` VALUES (1,'Travelling',1,'2019-11-03',1),(2,'Hitting the Gym',2,'2019-11-03',1),(3,'PLaying Chess',3,'2019-11-03',1),(4,'Summer',1,'2019-11-03',2),(5,'Winter',2,'2019-11-03',2),(6,'Spring',3,'2019-11-03',2),(7,'Mountains',1,'2019-11-03',3),(8,'Jungle',2,'2019-11-03',3),(9,'Beach',3,'2019-11-03',3),(10,'Energy drink',1,'2019-11-03',4),(11,'Coffee',2,'2019-11-03',4),(12,'Tea',3,'2019-11-03',4),(13,'Nurse',1,'2019-11-03',5),(14,'Mayor',2,'2019-11-03',5),(15,'Business Man',3,'2019-11-03',5),(16,'Golden retriver',1,'2019-11-03',6),(17,'Wolf',2,'2019-11-03',6),(18,'Border Collie',3,'2019-11-03',6),(19,'Pink',1,'2019-11-03',7),(20,'Dark red',2,'2019-11-03',7),(21,'Red',3,'2019-11-03',7),(22,'Dolphin',1,'2019-11-03',8),(23,'Whale Shark',2,'2019-11-03',8),(24,'Shark',3,'2019-11-03',8);
/*!40000 ALTER TABLE `answer` ENABLE KEYS */;
UNLOCK TABLES;

--
-- Table structure for table `ci_sessions`
--

DROP TABLE IF EXISTS `ci_sessions`;
/*!40101 SET @saved_cs_client     = @@character_set_client */;
/*!50503 SET character_set_client = utf8mb4 */;
CREATE TABLE `ci_sessions` (
  `id` varchar(128) NOT NULL,
  `ip_address` varchar(45) NOT NULL,
  `timestamp` int(10) unsigned NOT NULL DEFAULT '0',
  `data` blob NOT NULL,
  KEY `ci_sessions_timestamp` (`timestamp`)
) ENGINE=InnoDB DEFAULT CHARSET=latin1;
/*!40101 SET character_set_client = @saved_cs_client */;

--
-- Dumping data for table `ci_sessions`
--

LOCK TABLES `ci_sessions` WRITE;
/*!40000 ALTER TABLE `ci_sessions` DISABLE KEYS */;
INSERT INTO `ci_sessions` VALUES ('33f6lotjfr5sm09rp2vht7u41sf4idm3','127.0.0.1',1557330538,_binary '__ci_last_regenerate|i:1557330538;msg_error|s:23:\"Session does not exist.\";__ci_vars|a:1:{s:9:\"msg_error\";s:3:\"old\";}'),('fspbnaq6cocc1f9adc24u1v8h9sp7hgn','127.0.0.1',1557330544,_binary '__ci_last_regenerate|i:1557330544;logged_in|a:2:{s:7:\"user_id\";s:1:\"5\";s:12:\"login_status\";b:1;}msg_noti|s:13:\"Welcome back.\";__ci_vars|a:1:{s:8:\"msg_noti\";s:3:\"old\";}'),('d8ugkkk56fvc8o2rt41ojfmq2hdlki9i','127.0.0.1',1557330560,_binary '__ci_last_regenerate|i:1557330560;logged_in|a:2:{s:7:\"user_id\";s:1:\"5\";s:12:\"login_status\";b:1;}msg_error|s:0:\"\";__ci_vars|a:1:{s:9:\"msg_error\";s:3:\"new\";}'),('cm27a992jt2su7mn01l4pg7nr708fqtk','127.0.0.1',1557330675,_binary '__ci_last_regenerate|i:1557330675;logged_in|a:2:{s:7:\"user_id\";s:1:\"5\";s:12:\"login_status\";b:1;}__ci_vars|a:2:{s:8:\"msg_noti\";s:3:\"old\";s:9:\"msg_error\";s:3:\"new\";}msg_noti|s:19:\"Success create post\";msg_error|s:0:\"\";'),('5ct2dfpc5k35evttpodegtorms6uf60c','127.0.0.1',1557331702,_binary '__ci_last_regenerate|i:1557331702;logged_in|a:2:{s:7:\"user_id\";s:1:\"5\";s:12:\"login_status\";b:1;}__ci_vars|a:2:{s:8:\"msg_noti\";s:3:\"old\";s:9:\"msg_error\";s:3:\"new\";}msg_noti|s:19:\"Success create post\";msg_error|s:0:\"\";'),('2uiv47cr9nv8d2uqjfpk7ubs3kfb3ov7','127.0.0.1',1557331724,_binary '__ci_last_regenerate|i:1557331724;logged_in|a:2:{s:7:\"user_id\";s:1:\"5\";s:12:\"login_status\";b:1;}__ci_vars|a:1:{s:9:\"msg_error\";s:3:\"old\";}msg_error|s:0:\"\";'),('a8bvneq85vf1hp94t08vncrg8hkpipao','127.0.0.1',1557331741,_binary '__ci_last_regenerate|i:1557331741;logged_in|a:2:{s:7:\"user_id\";s:1:\"5\";s:12:\"login_status\";b:1;}'),('dk7nd64a7uk8sqnctij8m77hko3e4v56','127.0.0.1',1557331774,_binary '__ci_last_regenerate|i:1557331774;logged_in|a:2:{s:7:\"user_id\";s:1:\"5\";s:12:\"login_status\";b:1;}'),('ethgdebfg7ciidcv54cttfma8gphsn6b','127.0.0.1',1557331808,_binary '__ci_last_regenerate|i:1557331808;logged_in|a:2:{s:7:\"user_id\";s:1:\"5\";s:12:\"login_status\";b:1;}'),('k990ebk052uifr4qqlb4gk317rrd8qkm','127.0.0.1',1557332593,_binary '__ci_last_regenerate|i:1557332593;logged_in|a:2:{s:7:\"user_id\";s:1:\"5\";s:12:\"login_status\";b:1;}'),('qlmr4qbkbnbqi86h2ct6a810qj9sj8lq','127.0.0.1',1557332601,_binary '__ci_last_regenerate|i:1557332601;logged_in|a:2:{s:7:\"user_id\";s:1:\"5\";s:12:\"login_status\";b:1;}'),('h3smj552g1ejd94kea30jmj8oem55rao','127.0.0.1',1557332610,_binary '__ci_last_regenerate|i:1557332610;logged_in|a:2:{s:7:\"user_id\";s:1:\"5\";s:12:\"login_status\";b:1;}'),('majc0n4mai9rmuom2948b99a6jh5q332','127.0.0.1',1557332618,_binary '__ci_last_regenerate|i:1557332618;logged_in|a:2:{s:7:\"user_id\";s:1:\"5\";s:12:\"login_status\";b:1;}'),('bvq3u5vckqff0lmsctd9v1c249ss9bjk','127.0.0.1',1557333372,_binary '__ci_last_regenerate|i:1557333372;logged_in|a:2:{s:7:\"user_id\";s:1:\"5\";s:12:\"login_status\";b:1;}'),('lruc0eci04tv8e63uegnvpco99ul6v1v','127.0.0.1',1557333416,_binary '__ci_last_regenerate|i:1557333416;logged_in|a:2:{s:7:\"user_id\";s:1:\"5\";s:12:\"login_status\";b:1;}'),('omhm1q05mdqokn8mral4dgfhgna8gq0q','127.0.0.1',1557333422,_binary '__ci_last_regenerate|i:1557333422;logged_in|a:2:{s:7:\"user_id\";s:1:\"5\";s:12:\"login_status\";b:1;}'),('uc1affdc131dd052k5rfpd7vlqb0f9og','127.0.0.1',1557333465,_binary '__ci_last_regenerate|i:1557333465;logged_in|a:2:{s:7:\"user_id\";s:1:\"5\";s:12:\"login_status\";b:1;}'),('ldrotlu6g0cughea00p0t130adsp665s','127.0.0.1',1557333500,_binary '__ci_last_regenerate|i:1557333500;logged_in|a:2:{s:7:\"user_id\";s:1:\"5\";s:12:\"login_status\";b:1;}'),('igg64qjs4p8o8gqt88pa7ntspa7m6qum','127.0.0.1',1557333708,_binary '__ci_last_regenerate|i:1557333708;logged_in|a:2:{s:7:\"user_id\";s:1:\"5\";s:12:\"login_status\";b:1;}'),('jaltcdtek1jeuahtiad0bi2hjvo4k5sa','127.0.0.1',1557333733,_binary '__ci_last_regenerate|i:1557333733;logged_in|a:2:{s:7:\"user_id\";s:1:\"5\";s:12:\"login_status\";b:1;}'),('458qpf28virlif95jg5hrptuu46omtlf','127.0.0.1',1557333740,_binary '__ci_last_regenerate|i:1557333740;logged_in|a:2:{s:7:\"user_id\";s:1:\"5\";s:12:\"login_status\";b:1;}'),('3vn4fnhd6qsae4nu3n8tfkn7nl7pajhr','127.0.0.1',1557333780,_binary '__ci_last_regenerate|i:1557333780;logged_in|a:2:{s:7:\"user_id\";s:1:\"5\";s:12:\"login_status\";b:1;}'),('p1775hl7hb55o7ha27r1v90vbajrn5vd','127.0.0.1',1557333800,_binary '__ci_last_regenerate|i:1557333800;logged_in|a:2:{s:7:\"user_id\";s:1:\"5\";s:12:\"login_status\";b:1;}'),('8s6uedr4n0c08hos7frqo52sptvu2jbh','127.0.0.1',1557333867,_binary '__ci_last_regenerate|i:1557333867;logged_in|a:2:{s:7:\"user_id\";s:1:\"5\";s:12:\"login_status\";b:1;}msg_error|s:0:\"\";__ci_vars|a:1:{s:9:\"msg_error\";s:3:\"new\";}'),('dhqe1k663iotsvn32ctdlurui4m27i9s','127.0.0.1',1557333889,_binary '__ci_last_regenerate|i:1557333889;logged_in|a:2:{s:7:\"user_id\";s:1:\"5\";s:12:\"login_status\";b:1;}msg_error|s:0:\"\";__ci_vars|a:1:{s:9:\"msg_error\";s:3:\"old\";}'),('q9o7gghbb90enuo33kv24k2lrkb08q9s','127.0.0.1',1557333903,_binary '__ci_last_regenerate|i:1557333903;logged_in|a:2:{s:7:\"user_id\";s:1:\"5\";s:12:\"login_status\";b:1;}'),('kavk50agn4v5bo1nv3au3eiqa6307dof','127.0.0.1',1557333977,_binary '__ci_last_regenerate|i:1557333977;logged_in|a:2:{s:7:\"user_id\";s:1:\"5\";s:12:\"login_status\";b:1;}'),('k71n3kbc64qrcj5resrhhjj9uc8v37np','127.0.0.1',1557335192,_binary '__ci_last_regenerate|i:1557335192;logged_in|a:2:{s:7:\"user_id\";s:1:\"5\";s:12:\"login_status\";b:1;}'),('48o6pmvd7n6s97ebgcfib0divv1gg9j2','127.0.0.1',1557335310,_binary '__ci_last_regenerate|i:1557335310;logged_in|a:2:{s:7:\"user_id\";s:1:\"5\";s:12:\"login_status\";b:1;}'),('2dk3ljjhbmnasrlthmmho9q02g907aa3','127.0.0.1',1557335359,_binary '__ci_last_regenerate|i:1557335359;logged_in|a:2:{s:7:\"user_id\";s:1:\"5\";s:12:\"login_status\";b:1;}'),('q31nda4pu9sgmc2lamfg8mr1fpqbflu5','127.0.0.1',1557335380,_binary '__ci_last_regenerate|i:1557335380;logged_in|a:2:{s:7:\"user_id\";s:1:\"5\";s:12:\"login_status\";b:1;}'),('nil0cngjegl5ggjdah94gijogm14cmtg','127.0.0.1',1557335436,_binary '__ci_last_regenerate|i:1557335436;logged_in|a:2:{s:7:\"user_id\";s:1:\"5\";s:12:\"login_status\";b:1;}msg_error|s:0:\"\";__ci_vars|a:1:{s:9:\"msg_error\";s:3:\"new\";}'),('hj7pjq51al38aq4kgqubf4rhm8dsknak','127.0.0.1',1557335447,_binary '__ci_last_regenerate|i:1557335447;logged_in|a:2:{s:7:\"user_id\";s:1:\"5\";s:12:\"login_status\";b:1;}msg_error|s:0:\"\";__ci_vars|a:1:{s:9:\"msg_error\";s:3:\"new\";}'),('d3m9l77p7g4nv0ufojqok3qjb8tip9lr','127.0.0.1',1557335453,_binary '__ci_last_regenerate|i:1557335453;logged_in|a:2:{s:7:\"user_id\";s:1:\"5\";s:12:\"login_status\";b:1;}__ci_vars|a:2:{s:8:\"msg_noti\";s:3:\"old\";s:9:\"msg_error\";s:3:\"new\";}msg_noti|s:19:\"Success create post\";msg_error|s:0:\"\";'),('l73ejcaomv5b9t259svmng12qla21clj','127.0.0.1',1557335461,_binary '__ci_last_regenerate|i:1557335461;logged_in|a:2:{s:7:\"user_id\";s:1:\"5\";s:12:\"login_status\";b:1;}__ci_vars|a:1:{s:9:\"msg_error\";s:3:\"old\";}msg_error|s:0:\"\";'),('41dh38vd7k31uv5qbr1hmbgfab7a49mq','127.0.0.1',1557335583,_binary '__ci_last_regenerate|i:1557335583;logged_in|a:2:{s:7:\"user_id\";s:1:\"5\";s:12:\"login_status\";b:1;}'),('s0ujug16tsn0jfj5vuuaichg8r85sm02','127.0.0.1',1557335589,_binary '__ci_last_regenerate|i:1557335589;logged_in|a:2:{s:7:\"user_id\";s:1:\"5\";s:12:\"login_status\";b:1;}msg_noti|s:19:\"Success create post\";__ci_vars|a:2:{s:8:\"msg_noti\";s:3:\"old\";s:9:\"msg_error\";s:3:\"new\";}msg_error|s:0:\"\";'),('8pp936oje0q5igt95kv2vqa4d6v8kt80','127.0.0.1',1557335595,_binary '__ci_last_regenerate|i:1557335595;logged_in|a:2:{s:7:\"user_id\";s:1:\"5\";s:12:\"login_status\";b:1;}__ci_vars|a:1:{s:9:\"msg_error\";s:3:\"old\";}msg_error|s:0:\"\";'),('hdd84a7fismttciumpg8icma3aboobvp','127.0.0.1',1557335716,_binary '__ci_last_regenerate|i:1557335716;logged_in|a:2:{s:7:\"user_id\";s:1:\"5\";s:12:\"login_status\";b:1;}'),('1abo86r38457q1o770gfgmr6901u78i4','127.0.0.1',1557335722,_binary '__ci_last_regenerate|i:1557335722;logged_in|a:2:{s:7:\"user_id\";s:1:\"5\";s:12:\"login_status\";b:1;}msg_error|s:0:\"\";__ci_vars|a:1:{s:9:\"msg_error\";s:3:\"new\";}'),('ecs3bhvo923ekot8rjju27r8s96u8oca','127.0.0.1',1557335740,_binary '__ci_last_regenerate|i:1557335740;logged_in|a:2:{s:7:\"user_id\";s:1:\"5\";s:12:\"login_status\";b:1;}msg_error|s:0:\"\";__ci_vars|a:1:{s:9:\"msg_error\";s:3:\"new\";}'),('vb4e1tap5uuujumk1i8h231gj04mja0o','127.0.0.1',1557335755,_binary '__ci_last_regenerate|i:1557335755;logged_in|a:2:{s:7:\"user_id\";s:1:\"5\";s:12:\"login_status\";b:1;}msg_error|s:0:\"\";__ci_vars|a:1:{s:9:\"msg_error\";s:3:\"new\";}'),('91m22robfbacdui676dvkdcm6ov2m584','127.0.0.1',1557335789,_binary '__ci_last_regenerate|i:1557335789;logged_in|a:2:{s:7:\"user_id\";s:1:\"5\";s:12:\"login_status\";b:1;}msg_error|s:0:\"\";__ci_vars|a:1:{s:9:\"msg_error\";s:3:\"new\";}'),('ka4ef5s86p6eua17tendoqc421hf3g89','127.0.0.1',1557335816,_binary '__ci_last_regenerate|i:1557335816;logged_in|a:2:{s:7:\"user_id\";s:1:\"5\";s:12:\"login_status\";b:1;}msg_error|s:0:\"\";__ci_vars|a:1:{s:9:\"msg_error\";s:3:\"new\";}'),('lmihimrfdoth6dpnt0lfajhoqo108c13','127.0.0.1',1557335871,_binary '__ci_last_regenerate|i:1557335871;logged_in|a:2:{s:7:\"user_id\";s:1:\"5\";s:12:\"login_status\";b:1;}msg_error|s:0:\"\";__ci_vars|a:1:{s:9:\"msg_error\";s:3:\"new\";}'),('k7euh3d572297a1noh05e6itplt8lmam','127.0.0.1',1557335917,_binary '__ci_last_regenerate|i:1557335917;logged_in|a:2:{s:7:\"user_id\";s:1:\"5\";s:12:\"login_status\";b:1;}msg_error|s:0:\"\";__ci_vars|a:1:{s:9:\"msg_error\";s:3:\"new\";}'),('692vcll5vcukco08cnogucd2ftm5j4b0','127.0.0.1',1557335930,_binary '__ci_last_regenerate|i:1557335930;logged_in|a:2:{s:7:\"user_id\";s:1:\"5\";s:12:\"login_status\";b:1;}msg_error|s:0:\"\";__ci_vars|a:1:{s:9:\"msg_error\";s:3:\"new\";}'),('u13eu2d9laac7dsad1f5l9n54asj67ee','127.0.0.1',1557335943,_binary '__ci_last_regenerate|i:1557335943;logged_in|a:2:{s:7:\"user_id\";s:1:\"5\";s:12:\"login_status\";b:1;}msg_error|s:0:\"\";__ci_vars|a:1:{s:9:\"msg_error\";s:3:\"new\";}'),('e87f02bdg9u8g4l1240gtim1se77nk6i','127.0.0.1',1557335951,_binary '__ci_last_regenerate|i:1557335951;logged_in|a:2:{s:7:\"user_id\";s:1:\"5\";s:12:\"login_status\";b:1;}msg_error|s:0:\"\";__ci_vars|a:1:{s:9:\"msg_error\";s:3:\"new\";}'),('2059p0ccrunpu6uu9i7gvguo363v7fb5','127.0.0.1',1557336094,_binary '__ci_last_regenerate|i:1557336094;logged_in|a:2:{s:7:\"user_id\";s:1:\"5\";s:12:\"login_status\";b:1;}msg_error|s:0:\"\";__ci_vars|a:1:{s:9:\"msg_error\";s:3:\"new\";}'),('q090c08bujjg2e5r2davbl7rpqa1l4k0','127.0.0.1',1557336120,_binary '__ci_last_regenerate|i:1557336120;logged_in|a:2:{s:7:\"user_id\";s:1:\"5\";s:12:\"login_status\";b:1;}msg_error|s:0:\"\";__ci_vars|a:1:{s:9:\"msg_error\";s:3:\"new\";}'),('q1olrj3ts1ath2cqinvfrr040jn66dog','127.0.0.1',1557336433,_binary '__ci_last_regenerate|i:1557336433;logged_in|a:2:{s:7:\"user_id\";s:1:\"5\";s:12:\"login_status\";b:1;}msg_error|s:0:\"\";__ci_vars|a:1:{s:9:\"msg_error\";s:3:\"new\";}'),('9vdjp8lvdbu5eicn87q45t8b78cph3jq','127.0.0.1',1557336444,_binary '__ci_last_regenerate|i:1557336444;logged_in|a:2:{s:7:\"user_id\";s:1:\"5\";s:12:\"login_status\";b:1;}msg_error|s:0:\"\";__ci_vars|a:1:{s:9:\"msg_error\";s:3:\"new\";}'),('79816c5qtpjmlmer44b2vi634m9drki9','127.0.0.1',1557336455,_binary '__ci_last_regenerate|i:1557336455;logged_in|a:2:{s:7:\"user_id\";s:1:\"5\";s:12:\"login_status\";b:1;}msg_error|s:0:\"\";__ci_vars|a:1:{s:9:\"msg_error\";s:3:\"new\";}'),('6v3jsv01vm1d0lneqj1asanhes5to4i1','127.0.0.1',1557336732,_binary '__ci_last_regenerate|i:1557336732;logged_in|a:2:{s:7:\"user_id\";s:1:\"5\";s:12:\"login_status\";b:1;}msg_error|s:0:\"\";__ci_vars|a:1:{s:9:\"msg_error\";s:3:\"new\";}'),('8jo54piiepoj5i6hdd5hb57d63lin4dd','127.0.0.1',1557336745,_binary '__ci_last_regenerate|i:1557336745;logged_in|a:2:{s:7:\"user_id\";s:1:\"5\";s:12:\"login_status\";b:1;}msg_error|s:0:\"\";__ci_vars|a:1:{s:9:\"msg_error\";s:3:\"new\";}'),('ccl9hkn2hmes3lpreeu2o0qm9d0320qc','127.0.0.1',1557336751,_binary '__ci_last_regenerate|i:1557336751;logged_in|a:2:{s:7:\"user_id\";s:1:\"5\";s:12:\"login_status\";b:1;}__ci_vars|a:1:{s:9:\"msg_error\";s:3:\"old\";}msg_error|s:0:\"\";'),('2qc5p9ofmdk12dcqrbk215qn9u9sbd5t','127.0.0.1',1557336757,_binary '__ci_last_regenerate|i:1557336757;logged_in|a:2:{s:7:\"user_id\";s:1:\"5\";s:12:\"login_status\";b:1;}'),('ufi49c36s3o4b62kfrvhlgc63gci71ob','127.0.0.1',1557336773,_binary '__ci_last_regenerate|i:1557336773;logged_in|a:2:{s:7:\"user_id\";s:1:\"5\";s:12:\"login_status\";b:1;}'),('4b6o9pfh2tbn598b1ad3snln8u9guj67','127.0.0.1',1557336793,_binary '__ci_last_regenerate|i:1557336793;logged_in|a:2:{s:7:\"user_id\";s:1:\"5\";s:12:\"login_status\";b:1;}'),('lgltspg67oug1kj83sl1ddqfrip5em7r','127.0.0.1',1557336799,_binary '__ci_last_regenerate|i:1557336799;logged_in|a:2:{s:7:\"user_id\";s:1:\"5\";s:12:\"login_status\";b:1;}msg_error|s:0:\"\";__ci_vars|a:1:{s:9:\"msg_error\";s:3:\"old\";}'),('1fhmt14gnvlrr619t26o63uve6e54ce6','127.0.0.1',1557336834,_binary '__ci_last_regenerate|i:1557336834;logged_in|a:2:{s:7:\"user_id\";s:1:\"5\";s:12:\"login_status\";b:1;}msg_error|s:0:\"\";__ci_vars|a:1:{s:9:\"msg_error\";s:3:\"old\";}'),('qtbl24n1foo67623065va1i6h695k81g','127.0.0.1',1557336903,_binary '__ci_last_regenerate|i:1557336903;logged_in|a:2:{s:7:\"user_id\";s:1:\"5\";s:12:\"login_status\";b:1;}msg_error|s:0:\"\";__ci_vars|a:1:{s:9:\"msg_error\";s:3:\"new\";}'),('h964vvmt83rg1sujttqtlh507sgovlh6','127.0.0.1',1557336934,_binary '__ci_last_regenerate|i:1557336934;logged_in|a:2:{s:7:\"user_id\";s:1:\"5\";s:12:\"login_status\";b:1;}msg_error|s:0:\"\";__ci_vars|a:1:{s:9:\"msg_error\";s:3:\"old\";}'),('gqbn8m6ijcaqj7074ad3iojgnnkvuncl','127.0.0.1',1557336950,_binary '__ci_last_regenerate|i:1557336950;logged_in|a:2:{s:7:\"user_id\";s:1:\"5\";s:12:\"login_status\";b:1;}msg_error|s:0:\"\";__ci_vars|a:1:{s:9:\"msg_error\";s:3:\"new\";}'),('rmuodmg7thiiqkn8ktrf7db73akec2s6','127.0.0.1',1557336969,_binary '__ci_last_regenerate|i:1557336969;logged_in|a:2:{s:7:\"user_id\";s:1:\"5\";s:12:\"login_status\";b:1;}msg_error|s:0:\"\";__ci_vars|a:1:{s:9:\"msg_error\";s:3:\"new\";}'),('raf9163gbm7aqrjaejtbtil3acbetuns','127.0.0.1',1557336976,_binary '__ci_last_regenerate|i:1557336976;logged_in|a:2:{s:7:\"user_id\";s:1:\"5\";s:12:\"login_status\";b:1;}msg_error|s:0:\"\";__ci_vars|a:1:{s:9:\"msg_error\";s:3:\"new\";}'),('09d51bffn3085pbbp2q7o1j3mf6ap078','127.0.0.1',1557337023,_binary '__ci_last_regenerate|i:1557337023;logged_in|a:2:{s:7:\"user_id\";s:1:\"5\";s:12:\"login_status\";b:1;}msg_error|s:0:\"\";__ci_vars|a:1:{s:9:\"msg_error\";s:3:\"new\";}'),('if8ptd53ulemttpbu43cv4s0tfeg76bj','127.0.0.1',1557337042,_binary '__ci_last_regenerate|i:1557337042;logged_in|a:2:{s:7:\"user_id\";s:1:\"5\";s:12:\"login_status\";b:1;}msg_error|s:0:\"\";__ci_vars|a:1:{s:9:\"msg_error\";s:3:\"new\";}'),('0vhes6lg7ua05mv9kp2fe0elcki967bf','127.0.0.1',1557337066,_binary '__ci_last_regenerate|i:1557337066;logged_in|a:2:{s:7:\"user_id\";s:1:\"5\";s:12:\"login_status\";b:1;}msg_error|s:0:\"\";__ci_vars|a:1:{s:9:\"msg_error\";s:3:\"old\";}'),('g2p7889bd65i7d2ao8vcck7lpo7vo1fr','127.0.0.1',1557337231,_binary '__ci_last_regenerate|i:1557337231;logged_in|a:2:{s:7:\"user_id\";s:1:\"5\";s:12:\"login_status\";b:1;}msg_error|s:0:\"\";__ci_vars|a:1:{s:9:\"msg_error\";s:3:\"new\";}'),('sish4tnogdl5fqfeabndo8sdcb15unla','127.0.0.1',1557337269,_binary '__ci_last_regenerate|i:1557337269;logged_in|a:2:{s:7:\"user_id\";s:1:\"5\";s:12:\"login_status\";b:1;}msg_error|s:0:\"\";__ci_vars|a:1:{s:9:\"msg_error\";s:3:\"new\";}'),('sqk2mvbfhjjiqhsroh1bh5eooeh6gn6o','127.0.0.1',1557337367,_binary '__ci_last_regenerate|i:1557337367;logged_in|a:2:{s:7:\"user_id\";s:1:\"5\";s:12:\"login_status\";b:1;}msg_error|s:0:\"\";__ci_vars|a:1:{s:9:\"msg_error\";s:3:\"new\";}'),('59lkt1aa6ftbkdidg5pd0q5mdo5ojnrd','127.0.0.1',1557337381,_binary '__ci_last_regenerate|i:1557337381;logged_in|a:2:{s:7:\"user_id\";s:1:\"5\";s:12:\"login_status\";b:1;}msg_error|s:0:\"\";__ci_vars|a:1:{s:9:\"msg_error\";s:3:\"new\";}'),('gvkfsn5ng8s44u51rn8cqvbeabrdl0rh','127.0.0.1',1557337402,_binary '__ci_last_regenerate|i:1557337402;logged_in|a:2:{s:7:\"user_id\";s:1:\"5\";s:12:\"login_status\";b:1;}msg_error|s:81:\"<p>The user_id field is required.</p>\n<p>The post_type_id field is required.</p>\n\";__ci_vars|a:1:{s:9:\"msg_error\";s:3:\"new\";}'),('idumjhl1leo8ll6h1kcijobj3h7trmjl','127.0.0.1',1557337445,_binary '__ci_last_regenerate|i:1557337445;logged_in|a:2:{s:7:\"user_id\";s:1:\"5\";s:12:\"login_status\";b:1;}msg_error|s:0:\"\";__ci_vars|a:1:{s:9:\"msg_error\";s:3:\"new\";}'),('hjn914v8cqeums5l7vrk4bk0ges6drpq','127.0.0.1',1557337468,_binary '__ci_last_regenerate|i:1557337468;logged_in|a:2:{s:7:\"user_id\";s:1:\"5\";s:12:\"login_status\";b:1;}msg_error|s:0:\"\";__ci_vars|a:1:{s:9:\"msg_error\";s:3:\"new\";}'),('2ktl1a63v4t05os9sdjev32k79cchtb2','127.0.0.1',1557337478,_binary '__ci_last_regenerate|i:1557337478;logged_in|a:2:{s:7:\"user_id\";s:1:\"5\";s:12:\"login_status\";b:1;}msg_error|s:0:\"\";__ci_vars|a:1:{s:9:\"msg_error\";s:3:\"new\";}'),('79ech3kc0vlot0k7qhnor2af05e1s0jn','127.0.0.1',1557337506,_binary '__ci_last_regenerate|i:1557337506;logged_in|a:2:{s:7:\"user_id\";s:1:\"5\";s:12:\"login_status\";b:1;}__ci_vars|a:2:{s:8:\"msg_noti\";s:3:\"old\";s:9:\"msg_error\";s:3:\"new\";}msg_noti|s:19:\"Success update post\";msg_error|s:0:\"\";'),('1eg2ek74pumvsultgs7knq5a6iqgibj0','127.0.0.1',1557337518,_binary '__ci_last_regenerate|i:1557337518;logged_in|a:2:{s:7:\"user_id\";s:1:\"5\";s:12:\"login_status\";b:1;}__ci_vars|a:1:{s:9:\"msg_error\";s:3:\"new\";}msg_error|s:0:\"\";'),('to8a1ht79retnr3kckh1k34m27pgdiga','127.0.0.1',1557337535,_binary '__ci_last_regenerate|i:1557337535;logged_in|a:2:{s:7:\"user_id\";s:1:\"5\";s:12:\"login_status\";b:1;}__ci_vars|a:1:{s:8:\"msg_noti\";s:3:\"old\";}msg_noti|s:19:\"Success update post\";'),('nlaqr6adn8pniuq5ng477trvfrt4dpq7','127.0.0.1',1557337542,_binary '__ci_last_regenerate|i:1557337542;logged_in|a:2:{s:7:\"user_id\";s:1:\"5\";s:12:\"login_status\";b:1;}msg_error|s:0:\"\";__ci_vars|a:1:{s:9:\"msg_error\";s:3:\"new\";}'),('loainucv2lsaefkmaat477dg5327k20v','127.0.0.1',1557337550,_binary '__ci_last_regenerate|i:1557337550;logged_in|a:2:{s:7:\"user_id\";s:1:\"5\";s:12:\"login_status\";b:1;}__ci_vars|a:2:{s:8:\"msg_noti\";s:3:\"old\";s:9:\"msg_error\";s:3:\"new\";}msg_noti|s:19:\"Success update post\";msg_error|s:0:\"\";'),('ju12lc6fs051ld4q16ub7oulvloiusdl','127.0.0.1',1557337681,_binary '__ci_last_regenerate|i:1557337681;logged_in|a:2:{s:7:\"user_id\";s:1:\"5\";s:12:\"login_status\";b:1;}__ci_vars|a:2:{s:8:\"msg_noti\";s:3:\"old\";s:9:\"msg_error\";s:3:\"new\";}msg_noti|s:19:\"Success update post\";msg_error|s:0:\"\";'),('k6egmu0nr27difi8qf5f1lmn62e5o15m','127.0.0.1',1557337693,_binary '__ci_last_regenerate|i:1557337693;logged_in|a:2:{s:7:\"user_id\";s:1:\"5\";s:12:\"login_status\";b:1;}__ci_vars|a:1:{s:9:\"msg_error\";s:3:\"new\";}msg_error|s:0:\"\";'),('oal5phcp9hjvjqnrj9h082pqdenk5q2a','127.0.0.1',1557337700,_binary '__ci_last_regenerate|i:1557337700;logged_in|a:2:{s:7:\"user_id\";s:1:\"5\";s:12:\"login_status\";b:1;}msg_error|s:0:\"\";__ci_vars|a:1:{s:9:\"msg_error\";s:3:\"new\";}'),('a46fs1bhro5tab4egb1tbd2dpk2lhn1o','127.0.0.1',1557337802,_binary '__ci_last_regenerate|i:1557337802;logged_in|a:2:{s:7:\"user_id\";s:1:\"5\";s:12:\"login_status\";b:1;}__ci_vars|a:1:{s:9:\"msg_error\";s:3:\"old\";}msg_error|s:0:\"\";'),('osspecudlf4lqp9vqvm3r1o7eo7e0177','127.0.0.1',1557337820,_binary '__ci_last_regenerate|i:1557337820;logged_in|a:2:{s:7:\"user_id\";s:1:\"5\";s:12:\"login_status\";b:1;}msg_error|s:0:\"\";__ci_vars|a:1:{s:9:\"msg_error\";s:3:\"new\";}'),('jj4nqr6qhrs12op3pghiu9eja41ll336','127.0.0.1',1557337826,_binary '__ci_last_regenerate|i:1557337826;logged_in|a:2:{s:7:\"user_id\";s:1:\"5\";s:12:\"login_status\";b:1;}msg_error|s:0:\"\";__ci_vars|a:1:{s:9:\"msg_error\";s:3:\"old\";}'),('8udl54o7r4rnoh336671jhnffdlcasn5','127.0.0.1',1557337832,_binary '__ci_last_regenerate|i:1557337832;logged_in|a:2:{s:7:\"user_id\";s:1:\"5\";s:12:\"login_status\";b:1;}'),('11anitk3t5kflsdo8s1t1lc48stnat9k','127.0.0.1',1557338964,_binary '__ci_last_regenerate|i:1557338964;logged_in|a:2:{s:7:\"user_id\";s:1:\"5\";s:12:\"login_status\";b:1;}msg_error|s:0:\"\";__ci_vars|a:1:{s:9:\"msg_error\";s:3:\"old\";}'),('n7p0ct6um6oclgr4tl44dsoto8iuka4h','127.0.0.1',1557338973,_binary '__ci_last_regenerate|i:1557338973;logged_in|a:2:{s:7:\"user_id\";s:1:\"5\";s:12:\"login_status\";b:1;}'),('jfa4n1sj5n743jv0t5p5m345dmgm8dg5','127.0.0.1',1557339265,_binary '__ci_last_regenerate|i:1557339265;logged_in|a:2:{s:7:\"user_id\";s:1:\"5\";s:12:\"login_status\";b:1;}'),('e06g77cvcmks1vb0r799rkaf5mg18srb','127.0.0.1',1557339276,_binary '__ci_last_regenerate|i:1557339276;logged_in|a:2:{s:7:\"user_id\";s:1:\"5\";s:12:\"login_status\";b:1;}msg_noti|s:20:\"Success delete post.\";__ci_vars|a:1:{s:8:\"msg_noti\";s:3:\"old\";}'),('dbkdk8snsktuukn6pmp72bi6fu1qcovs','127.0.0.1',1557339317,_binary '__ci_last_regenerate|i:1557339317;logged_in|a:2:{s:7:\"user_id\";s:1:\"5\";s:12:\"login_status\";b:1;}msg_noti|s:20:\"Success delete post.\";__ci_vars|a:1:{s:8:\"msg_noti\";s:3:\"old\";}'),('o1skucfld5h8hnhse118ov18kevb3eis','127.0.0.1',1557339712,_binary '__ci_last_regenerate|i:1557339712;logged_in|a:2:{s:7:\"user_id\";s:1:\"5\";s:12:\"login_status\";b:1;}msg_error|s:0:\"\";__ci_vars|a:1:{s:9:\"msg_error\";s:3:\"old\";}'),('o7o0l93097g6cko0rarjc6n9nst7sq6u','127.0.0.1',1557339830,_binary '__ci_last_regenerate|i:1557339830;logged_in|a:2:{s:7:\"user_id\";s:1:\"5\";s:12:\"login_status\";b:1;}'),('g3thfkkchgppi2siltunoi5llna8j53i','127.0.0.1',1557339904,_binary '__ci_last_regenerate|i:1557339904;logged_in|a:2:{s:7:\"user_id\";s:1:\"5\";s:12:\"login_status\";b:1;}'),('54kt3p0q4jhpjpni7ouji0dq9b31l0j7','127.0.0.1',1557339913,_binary '__ci_last_regenerate|i:1557339913;logged_in|a:2:{s:7:\"user_id\";s:1:\"5\";s:12:\"login_status\";b:1;}'),('dp7iqqp3pk28odmabmdatsqiaf5am3q8','127.0.0.1',1557340004,_binary '__ci_last_regenerate|i:1557340004;logged_in|a:2:{s:7:\"user_id\";s:1:\"5\";s:12:\"login_status\";b:1;}'),('hjoj2dsf0qcusdc3kfi9ug24oo36ac3m','127.0.0.1',1557340010,_binary '__ci_last_regenerate|i:1557340010;logged_in|a:2:{s:7:\"user_id\";s:1:\"5\";s:12:\"login_status\";b:1;}'),('urbgvev8morjuskicv7kvvthq3don0g9','127.0.0.1',1557340016,_binary '__ci_last_regenerate|i:1557340016;logged_in|a:2:{s:7:\"user_id\";s:1:\"5\";s:12:\"login_status\";b:1;}'),('sq7ubu24fb19do5tbplaq1006b86vtmm','127.0.0.1',1557340065,_binary '__ci_last_regenerate|i:1557340065;logged_in|a:2:{s:7:\"user_id\";s:1:\"5\";s:12:\"login_status\";b:1;}'),('si2rappeou9cedkrkncdgh8rsmbfdk5f','127.0.0.1',1557340083,_binary '__ci_last_regenerate|i:1557340083;logged_in|a:2:{s:7:\"user_id\";s:1:\"5\";s:12:\"login_status\";b:1;}msg_error|s:0:\"\";__ci_vars|a:1:{s:9:\"msg_error\";s:3:\"new\";}'),('b20bd6curjv6p612c0qq6cc2aki0bsdi','127.0.0.1',1557340097,_binary '__ci_last_regenerate|i:1557340097;logged_in|a:2:{s:7:\"user_id\";s:1:\"5\";s:12:\"login_status\";b:1;}__ci_vars|a:2:{s:8:\"msg_noti\";s:3:\"old\";s:9:\"msg_error\";s:3:\"new\";}msg_noti|s:19:\"Success create post\";msg_error|s:0:\"\";'),('6t8rc9r18c6kfjbegv173bje8n7nlnup','127.0.0.1',1557340108,_binary '__ci_last_regenerate|i:1557340108;logged_in|a:2:{s:7:\"user_id\";s:1:\"5\";s:12:\"login_status\";b:1;}__ci_vars|a:1:{s:9:\"msg_error\";s:3:\"old\";}msg_error|s:0:\"\";'),('nahknkdarku24f572hv4qhts3na79h43','127.0.0.1',1557340137,_binary '__ci_last_regenerate|i:1557340137;logged_in|a:2:{s:7:\"user_id\";s:1:\"5\";s:12:\"login_status\";b:1;}'),('rdst04a9ik5f84c8gla2j7hjc1eunbhh','127.0.0.1',1557340225,_binary '__ci_last_regenerate|i:1557340225;logged_in|a:2:{s:7:\"user_id\";s:1:\"5\";s:12:\"login_status\";b:1;}'),('r36v96pjlu140t1ct7mtfd0f6riibmhr','127.0.0.1',1557340247,_binary '__ci_last_regenerate|i:1557340247;logged_in|a:2:{s:7:\"user_id\";s:1:\"5\";s:12:\"login_status\";b:1;}'),('9bhsk3u1dn2un48093dgbi26d92tv9m0','127.0.0.1',1557340662,_binary '__ci_last_regenerate|i:1557340662;logged_in|a:2:{s:7:\"user_id\";s:1:\"5\";s:12:\"login_status\";b:1;}'),('9u95obdg1n6g112afgod78lh24kedv3p','127.0.0.1',1557340736,_binary '__ci_last_regenerate|i:1557340736;logged_in|a:2:{s:7:\"user_id\";s:1:\"5\";s:12:\"login_status\";b:1;}msg_error|s:0:\"\";__ci_vars|a:1:{s:9:\"msg_error\";s:3:\"new\";}'),('qroqhcqhckt59p83r2eh8s7e9hlksme7','127.0.0.1',1557340818,_binary '__ci_last_regenerate|i:1557340818;logged_in|a:2:{s:7:\"user_id\";s:1:\"5\";s:12:\"login_status\";b:1;}msg_error|s:0:\"\";__ci_vars|a:1:{s:9:\"msg_error\";s:3:\"new\";}'),('dg7ul5onb9op5vm30g4c14qe36pfhtnc','127.0.0.1',1557340828,_binary '__ci_last_regenerate|i:1557340828;logged_in|a:2:{s:7:\"user_id\";s:1:\"5\";s:12:\"login_status\";b:1;}msg_error|s:0:\"\";__ci_vars|a:1:{s:9:\"msg_error\";s:3:\"new\";}'),('p45d94ivcbcm7pcs2fnf11lsp9h4kc9k','127.0.0.1',1557340902,_binary '__ci_last_regenerate|i:1557340902;logged_in|a:2:{s:7:\"user_id\";s:1:\"5\";s:12:\"login_status\";b:1;}msg_error|s:0:\"\";__ci_vars|a:1:{s:9:\"msg_error\";s:3:\"new\";}'),('ghqb589sqk9jk8vlbqnpbqbm3akfbcdv','127.0.0.1',1557340942,_binary '__ci_last_regenerate|i:1557340942;logged_in|a:2:{s:7:\"user_id\";s:1:\"5\";s:12:\"login_status\";b:1;}msg_error|s:0:\"\";__ci_vars|a:1:{s:9:\"msg_error\";s:3:\"new\";}'),('dkbobq562s7a12cb1edugifj43s2kmvo','127.0.0.1',1557340991,_binary '__ci_last_regenerate|i:1557340991;logged_in|a:2:{s:7:\"user_id\";s:1:\"5\";s:12:\"login_status\";b:1;}'),('c56mhkdq2q1j37fm5ub2g4lkiugad5p1','127.0.0.1',1557340998,_binary '__ci_last_regenerate|i:1557340998;logged_in|a:2:{s:7:\"user_id\";s:1:\"5\";s:12:\"login_status\";b:1;}msg_error|s:0:\"\";__ci_vars|a:1:{s:9:\"msg_error\";s:3:\"new\";}'),('ipk67ttol1n3pa5d18d5h7fde1nnq35j','127.0.0.1',1557341007,_binary '__ci_last_regenerate|i:1557341007;logged_in|a:2:{s:7:\"user_id\";s:1:\"5\";s:12:\"login_status\";b:1;}msg_error|s:0:\"\";__ci_vars|a:1:{s:9:\"msg_error\";s:3:\"new\";}'),('dtrfdm7aqhqr7ar6uv8kv157sf9p9hh2','127.0.0.1',1557341033,_binary '__ci_last_regenerate|i:1557341033;logged_in|a:2:{s:7:\"user_id\";s:1:\"5\";s:12:\"login_status\";b:1;}msg_error|s:0:\"\";__ci_vars|a:1:{s:9:\"msg_error\";s:3:\"new\";}'),('gpon0hbg4e2hvpcuj3gld4khots0l02i','127.0.0.1',1557341045,_binary '__ci_last_regenerate|i:1557341045;logged_in|a:2:{s:7:\"user_id\";s:1:\"5\";s:12:\"login_status\";b:1;}msg_error|s:0:\"\";__ci_vars|a:1:{s:9:\"msg_error\";s:3:\"new\";}'),('tcaqouudht3uji7itl91oi056qckqrtf','127.0.0.1',1557341244,_binary '__ci_last_regenerate|i:1557341244;logged_in|a:2:{s:7:\"user_id\";s:1:\"5\";s:12:\"login_status\";b:1;}msg_error|s:0:\"\";__ci_vars|a:1:{s:9:\"msg_error\";s:3:\"new\";}'),('j8rlg0mq4b7bkhbbbcp9koesb3j1dbb6','127.0.0.1',1557341267,_binary '__ci_last_regenerate|i:1557341267;logged_in|a:2:{s:7:\"user_id\";s:1:\"5\";s:12:\"login_status\";b:1;}msg_error|s:0:\"\";__ci_vars|a:1:{s:9:\"msg_error\";s:3:\"new\";}'),('rs5mmlo4thmq5aoj3sh6f8d3kd7dqotc','127.0.0.1',1557341298,_binary '__ci_last_regenerate|i:1557341298;logged_in|a:2:{s:7:\"user_id\";s:1:\"5\";s:12:\"login_status\";b:1;}msg_error|s:0:\"\";__ci_vars|a:1:{s:9:\"msg_error\";s:3:\"new\";}'),('ovsl7kj9eccov0eq90511vssc9se98bg','127.0.0.1',1557341333,_binary '__ci_last_regenerate|i:1557341333;logged_in|a:2:{s:7:\"user_id\";s:1:\"5\";s:12:\"login_status\";b:1;}msg_error|s:0:\"\";__ci_vars|a:1:{s:9:\"msg_error\";s:3:\"new\";}'),('2dn1g05jolhtk6vsse910bsp3nb0t28u','127.0.0.1',1557341364,_binary '__ci_last_regenerate|i:1557341364;logged_in|a:2:{s:7:\"user_id\";s:1:\"5\";s:12:\"login_status\";b:1;}msg_error|s:43:\"<p>The post_content field is required.</p>\n\";__ci_vars|a:1:{s:9:\"msg_error\";s:3:\"new\";}'),('de4sn25r2cli63g56s280nib4ds1luu7','127.0.0.1',1557341391,_binary '__ci_last_regenerate|i:1557341391;logged_in|a:2:{s:7:\"user_id\";s:1:\"5\";s:12:\"login_status\";b:1;}msg_error|s:0:\"\";__ci_vars|a:1:{s:9:\"msg_error\";s:3:\"new\";}'),('srk38aoji5fipqs3h23p1rlstu0rrmi2','127.0.0.1',1557341397,_binary '__ci_last_regenerate|i:1557341397;logged_in|a:2:{s:7:\"user_id\";s:1:\"5\";s:12:\"login_status\";b:1;}__ci_vars|a:2:{s:8:\"msg_noti\";s:3:\"old\";s:9:\"msg_error\";s:3:\"new\";}msg_noti|s:19:\"Success update post\";msg_error|s:0:\"\";'),('0m7o1e736a8k26333k80ehksa10vfb8p','127.0.0.1',1557341412,_binary '__ci_last_regenerate|i:1557341412;logged_in|a:2:{s:7:\"user_id\";s:1:\"5\";s:12:\"login_status\";b:1;}__ci_vars|a:1:{s:9:\"msg_error\";s:3:\"old\";}msg_error|s:0:\"\";'),('2btbpejq6g5pu2jide7ne8olddk01neb','127.0.0.1',1557341420,_binary '__ci_last_regenerate|i:1557341420;logged_in|a:2:{s:7:\"user_id\";s:1:\"5\";s:12:\"login_status\";b:1;}msg_noti|s:19:\"Success update post\";__ci_vars|a:2:{s:8:\"msg_noti\";s:3:\"old\";s:9:\"msg_error\";s:3:\"new\";}msg_error|s:0:\"\";'),('01b67eqpaghrlum8sdl5arkib7cscqp3','127.0.0.1',1557341685,_binary '__ci_last_regenerate|i:1557341685;logged_in|a:2:{s:7:\"user_id\";s:1:\"5\";s:12:\"login_status\";b:1;}__ci_vars|a:1:{s:9:\"msg_error\";s:3:\"old\";}msg_error|s:0:\"\";'),('m9bfl7jti6g5evti1ooalg39v6voehle','127.0.0.1',1557341727,_binary '__ci_last_regenerate|i:1557341727;logged_in|a:2:{s:7:\"user_id\";s:1:\"5\";s:12:\"login_status\";b:1;}'),('f4e4m3augfgnubed70ea33htmq8391rm','127.0.0.1',1557341922,_binary '__ci_last_regenerate|i:1557341922;logged_in|a:2:{s:7:\"user_id\";s:1:\"5\";s:12:\"login_status\";b:1;}'),('8lkq1p0plkodqtotlcf9cnksf1vbs9qe','127.0.0.1',1557341934,_binary '__ci_last_regenerate|i:1557341934;logged_in|a:2:{s:7:\"user_id\";s:1:\"5\";s:12:\"login_status\";b:1;}'),('p6v3t4lik63pfhrpig9jqq1vuoh8hk9j','127.0.0.1',1557341945,_binary '__ci_last_regenerate|i:1557341945;logged_in|a:2:{s:7:\"user_id\";s:1:\"5\";s:12:\"login_status\";b:1;}'),('v1gfuet48nlrdjvanmlski94d7lhhkfs','127.0.0.1',1557341946,_binary '__ci_last_regenerate|i:1557341945;msg_noti|s:18:\"Successfuly Logout\";__ci_vars|a:1:{s:8:\"msg_noti\";s:3:\"old\";}'),('mn6hvebvqhhpbrjo3bms16k94guocjnr','127.0.0.1',1557414538,_binary '__ci_last_regenerate|i:1557414538;'),('gvhe0d9a7u733fjd74o6tjtn19e5i6pl','127.0.0.1',1557414550,_binary '__ci_last_regenerate|i:1557414550;'),('ni971mgmm5gf4kce7air6jvlvq3geunv','127.0.0.1',1557414652,_binary '__ci_last_regenerate|i:1557414652;'),('vda0cr3gsak1obbpptteava5o7fp3obv','127.0.0.1',1557414704,_binary '__ci_last_regenerate|i:1557414704;'),('tijre1kb3f7dil0369mj6e7a612m8r5d','127.0.0.1',1557414715,_binary '__ci_last_regenerate|i:1557414715;'),('85am9rv411v9qpfjjsj1bmggingg0njb','127.0.0.1',1557414751,_binary '__ci_last_regenerate|i:1557414751;'),('o7rleu2i3t3ufho40fakukh89boc67m9','127.0.0.1',1557414759,_binary '__ci_last_regenerate|i:1557414759;'),('k4bfoegighpdre1f2irqemqa9l5nmcgg','127.0.0.1',1557414886,_binary '__ci_last_regenerate|i:1557414886;'),('9nsuc61ji0n01itubqulljsll2fkv1v2','127.0.0.1',1557415045,_binary '__ci_last_regenerate|i:1557415045;'),('ptk6q612pivmrsme24emhveorv5hs68p','127.0.0.1',1557415064,_binary '__ci_last_regenerate|i:1557415064;'),('f4edfhao94ic2bjnubpuol3nfbl1o8n7','127.0.0.1',1557415124,_binary '__ci_last_regenerate|i:1557415124;'),('o0tl6onhqg87c88li6701nddubu4pum4','127.0.0.1',1557415217,_binary '__ci_last_regenerate|i:1557415217;'),('f7h0k617enr8ol26dfc5in01dvkqrjeq','127.0.0.1',1557415223,_binary '__ci_last_regenerate|i:1557415223;'),('jt9svm1bf7upes8q9lh8f33i782e8vq4','127.0.0.1',1557415238,_binary '__ci_last_regenerate|i:1557415238;'),('rs5uu36amda8ekrn7g3lcrncfb14s7lm','127.0.0.1',1557415284,_binary '__ci_last_regenerate|i:1557415284;'),('hvd036lk780avcm30jj34qrep7nm2iq8','127.0.0.1',1557415661,_binary '__ci_last_regenerate|i:1557415661;'),('77cl1g604am0ikd8cgne34m4m7jhc6pu','127.0.0.1',1557416013,_binary '__ci_last_regenerate|i:1557416013;'),('752rvgj8sk0h86h7eegocii5du86bnqm','127.0.0.1',1557416070,_binary '__ci_last_regenerate|i:1557416070;'),('gjsp15eo3skv8d9jtt57nbbodjflbhkg','127.0.0.1',1557416222,_binary '__ci_last_regenerate|i:1557416222;'),('ogp4uk4qimpb5899liabjk0lkgdp7o66','127.0.0.1',1557416301,_binary '__ci_last_regenerate|i:1557416301;'),('36fe383074ko719f1b9ju1cf1fqvptu4','127.0.0.1',1557416331,_binary '__ci_last_regenerate|i:1557416331;'),('rl4ekdempurb10fn531rethr7eeuagku','127.0.0.1',1557416440,_binary '__ci_last_regenerate|i:1557416440;'),('j9cusnkmlt3lhr0i6fscsksfgps6u264','127.0.0.1',1557416492,_binary '__ci_last_regenerate|i:1557416492;'),('9aunditjfes00vs3btntl755snk1k1ar','127.0.0.1',1557416498,_binary '__ci_last_regenerate|i:1557416498;'),('tbqcu9rfhb3kjosqpfgft9o1u4j477g3','127.0.0.1',1557416578,_binary '__ci_last_regenerate|i:1557416578;'),('hesc3sb0aqamahedp48hukhoc4q4e8r4','127.0.0.1',1557416591,_binary '__ci_last_regenerate|i:1557416591;'),('54p0ao77fihlh5k40him6akt1ib935ru','127.0.0.1',1557416618,_binary '__ci_last_regenerate|i:1557416618;'),('2ul562u9bi1nfb7u29uo2v43e9vbvcve','127.0.0.1',1557416785,_binary '__ci_last_regenerate|i:1557416785;'),('bq3mgumu6i7gab4osfm0hnv78q394a5b','127.0.0.1',1557417082,_binary '__ci_last_regenerate|i:1557417082;'),('eul5papeh89nq6hm4qblnku158k66ob3','127.0.0.1',1557417099,_binary '__ci_last_regenerate|i:1557417099;'),('gou08lpegqvlj4j0evqkic6crja919r9','127.0.0.1',1557417106,_binary '__ci_last_regenerate|i:1557417106;'),('r8ceb7unibae1do9ds5r4sm2dljmkq59','127.0.0.1',1557417188,_binary '__ci_last_regenerate|i:1557417188;'),('9t1us7r8jkrun835df6gn8ndmb9j3jp1','127.0.0.1',1557417196,_binary '__ci_last_regenerate|i:1557417196;'),('arnsukp5puldssver5djo3pcu3olmhis','127.0.0.1',1557417207,_binary '__ci_last_regenerate|i:1557417207;logged_in|a:2:{s:7:\"user_id\";s:1:\"5\";s:12:\"login_status\";b:1;}msg_error|s:0:\"\";__ci_vars|a:1:{s:9:\"msg_error\";s:3:\"new\";}'),('it8m4mnvbgu0li22t7gp7bu9fh0a94lo','127.0.0.1',1557417286,_binary '__ci_last_regenerate|i:1557417286;__ci_vars|a:1:{s:8:\"msg_noti\";s:3:\"old\";}msg_noti|s:18:\"Successfuly Logout\";'),('qnj9pgrp0i1fglnd21fp5nk5d2qir5uk','127.0.0.1',1557417306,_binary '__ci_last_regenerate|i:1557417306;'),('njhj99p9hrq86kmg16gqrp8ppdev6ovg','127.0.0.1',1557417312,_binary '__ci_last_regenerate|i:1557417312;'),('m1l1v3maqghcdcn71ctbah8i48o9j5vd','127.0.0.1',1557417324,_binary '__ci_last_regenerate|i:1557417324;'),('ch793vkec6f7tivb3aal5n37o4padd08','127.0.0.1',1557417337,_binary '__ci_last_regenerate|i:1557417337;'),('1t85gnhue2iu3qqt6lj92g1qc1nblm3r','127.0.0.1',1557417488,_binary '__ci_last_regenerate|i:1557417488;'),('qt5fcjkhd94o9ooqqbr0q65nd15jikmv','127.0.0.1',1557417538,_binary '__ci_last_regenerate|i:1557417538;'),('olheutegk82nlf2d5qouo67dhk5j7bmo','127.0.0.1',1557417900,_binary '__ci_last_regenerate|i:1557417900;'),('1h28jrnnc20evmdieff65dip77l3e7mr','127.0.0.1',1557417926,_binary '__ci_last_regenerate|i:1557417926;msg_error|s:0:\"\";__ci_vars|a:1:{s:9:\"msg_error\";s:3:\"new\";}'),('sjp6uanlu7ntlg0umh82flmcf1oacokf','127.0.0.1',1557419004,_binary '__ci_last_regenerate|i:1557419004;msg_error|s:0:\"\";__ci_vars|a:1:{s:9:\"msg_error\";s:3:\"new\";}'),('cka5pl9lnsmuqdfuqc2q48b18r10542l','127.0.0.1',1557419308,_binary '__ci_last_regenerate|i:1557419308;msg_error|s:0:\"\";__ci_vars|a:1:{s:9:\"msg_error\";s:3:\"old\";}'),('q5el5qnman4ol28jt4efpgtahvr5bm3h','127.0.0.1',1557419319,_binary '__ci_last_regenerate|i:1557419319;msg_error|s:0:\"\";__ci_vars|a:1:{s:9:\"msg_error\";s:3:\"new\";}'),('fsgcvpa7loq4nm3qm787mb9p8aatjp9p','127.0.0.1',1557419361,_binary '__ci_last_regenerate|i:1557419361;msg_error|s:0:\"\";__ci_vars|a:1:{s:9:\"msg_error\";s:3:\"new\";}'),('51q6c009dhe5ishfo50rq1vfkfau8l4q','127.0.0.1',1557419372,_binary '__ci_last_regenerate|i:1557419372;msg_error|s:0:\"\";__ci_vars|a:1:{s:9:\"msg_error\";s:3:\"new\";}'),('p1u0ofgjj2s25s5hdkfuucvbcomjctia','127.0.0.1',1557419477,_binary '__ci_last_regenerate|i:1557419477;'),('i24j9q2hpq5ie7qt1v375kvmq9gj17op','127.0.0.1',1557419486,_binary '__ci_last_regenerate|i:1557419486;'),('p2f074mfgp9o3g4ekhqql6fm2a1e8ai6','127.0.0.1',1557419590,_binary '__ci_last_regenerate|i:1557419590;'),('pv9onkg62f318n0ulnf75geff32modlj','127.0.0.1',1557419601,_binary '__ci_last_regenerate|i:1557419601;msg_error|s:0:\"\";__ci_vars|a:1:{s:9:\"msg_error\";s:3:\"new\";}'),('lsmj93drccrjrjqcdbtfdn0k6ofpi3p2','127.0.0.1',1557419626,_binary '__ci_last_regenerate|i:1557419626;msg_error|s:0:\"\";__ci_vars|a:1:{s:9:\"msg_error\";s:3:\"old\";}'),('6nb5d3idljjm0n10l0jffb827b638n0b','127.0.0.1',1557419641,_binary '__ci_last_regenerate|i:1557419641;msg_error|s:0:\"\";__ci_vars|a:1:{s:9:\"msg_error\";s:3:\"new\";}'),('eo51ibji0k7docgu5limum0uo551gt5q','127.0.0.1',1557419648,_binary '__ci_last_regenerate|i:1557419648;msg_error|s:90:\"Error send email confirmation. Please contact developer to fix this. jaironlanda@gmail.com\";__ci_vars|a:1:{s:9:\"msg_error\";s:3:\"old\";}'),('sgkdp6gd3g9isp1mocl9hfar6bosebeu','127.0.0.1',1557419668,_binary '__ci_last_regenerate|i:1557419668;logged_in|a:2:{s:7:\"user_id\";s:1:\"6\";s:12:\"login_status\";b:1;}msg_noti|s:13:\"Welcome back.\";__ci_vars|a:1:{s:8:\"msg_noti\";s:3:\"old\";}'),('p18upgo4bltsbm6knjbl2mbviosbvuea','127.0.0.1',1557419675,_binary '__ci_last_regenerate|i:1557419675;logged_in|a:2:{s:7:\"user_id\";s:1:\"6\";s:12:\"login_status\";b:1;}'),('lcj94921h05t336ierkijqaiv0bok6rl','127.0.0.1',1557419850,_binary '__ci_last_regenerate|i:1557419850;'),('h4tkd9475s6grhv06jhesfkrr9sd6opb','127.0.0.1',1557419856,_binary '__ci_last_regenerate|i:1557419856;msg_error|s:23:\"Session does not exist.\";__ci_vars|a:1:{s:9:\"msg_error\";s:3:\"old\";}'),('i7sftr28s5uj76lk9uqotckv0tfsi4ra','127.0.0.1',1557419877,_binary '__ci_last_regenerate|i:1557419877;logged_in|a:2:{s:7:\"user_id\";s:1:\"6\";s:12:\"login_status\";b:1;}msg_error|s:0:\"\";__ci_vars|a:1:{s:9:\"msg_error\";s:3:\"new\";}'),('dmeqs832n98js0a9s5g88ts7b2vpia7m','127.0.0.1',1557419888,_binary '__ci_last_regenerate|i:1557419888;logged_in|a:2:{s:7:\"user_id\";s:1:\"6\";s:12:\"login_status\";b:1;}__ci_vars|a:2:{s:8:\"msg_noti\";s:3:\"old\";s:9:\"msg_error\";s:3:\"new\";}msg_noti|s:19:\"Success create post\";msg_error|s:0:\"\";'),('j58uhfp9vm42f6c9l7e97ol4otd9n9iu','127.0.0.1',1557419897,_binary '__ci_last_regenerate|i:1557419897;logged_in|a:2:{s:7:\"user_id\";s:1:\"6\";s:12:\"login_status\";b:1;}__ci_vars|a:1:{s:9:\"msg_error\";s:3:\"old\";}msg_error|s:0:\"\";'),('s2cvdn5qsmrqeau53rdnb92efrgm9u82','127.0.0.1',1557419903,_binary '__ci_last_regenerate|i:1557419903;logged_in|a:2:{s:7:\"user_id\";s:1:\"6\";s:12:\"login_status\";b:1;}'),('59kg700cspskl8qpr5b50hb1l6ttsc7a','127.0.0.1',1557419920,_binary '__ci_last_regenerate|i:1557419920;logged_in|a:2:{s:7:\"user_id\";s:1:\"6\";s:12:\"login_status\";b:1;}'),('pam522pfqgt3f4o8rhhqovu1h3brmrlr','127.0.0.1',1557419952,_binary '__ci_last_regenerate|i:1557419952;logged_in|a:2:{s:7:\"user_id\";s:1:\"6\";s:12:\"login_status\";b:1;}'),('8r8r4tlj9mk6nujmfkamfj41f8jh44f6','127.0.0.1',1557419988,_binary '__ci_last_regenerate|i:1557419988;logged_in|a:2:{s:7:\"user_id\";s:1:\"6\";s:12:\"login_status\";b:1;}msg_error|s:0:\"\";__ci_vars|a:1:{s:9:\"msg_error\";s:3:\"new\";}'),('hb4qjjcfnf6j0dgkiu9s4f1vg2mbeprk','127.0.0.1',1557420002,_binary '__ci_last_regenerate|i:1557420002;logged_in|a:2:{s:7:\"user_id\";s:1:\"6\";s:12:\"login_status\";b:1;}__ci_vars|a:2:{s:8:\"msg_noti\";s:3:\"old\";s:9:\"msg_error\";s:3:\"new\";}msg_noti|s:19:\"Success create post\";msg_error|s:0:\"\";'),('1t8imhij0u4keigudt0kc9kplog2f41b','127.0.0.1',1557420019,_binary '__ci_last_regenerate|i:1557420019;logged_in|a:2:{s:7:\"user_id\";s:1:\"6\";s:12:\"login_status\";b:1;}'),('vamlgak64aber3p79bnun92ceo85c591','127.0.0.1',1557420114,_binary '__ci_last_regenerate|i:1557420114;logged_in|a:2:{s:7:\"user_id\";s:1:\"6\";s:12:\"login_status\";b:1;}msg_error|s:0:\"\";__ci_vars|a:1:{s:9:\"msg_error\";s:3:\"new\";}'),('78chbs98i3g8mfrq1qjqm01rl7rvmacq','127.0.0.1',1557420121,_binary '__ci_last_regenerate|i:1557420121;logged_in|a:2:{s:7:\"user_id\";s:1:\"6\";s:12:\"login_status\";b:1;}__ci_vars|a:2:{s:8:\"msg_noti\";s:3:\"old\";s:9:\"msg_error\";s:3:\"new\";}msg_noti|s:19:\"Success update post\";msg_error|s:0:\"\";'),('6ddu2fq5hkqe8mkinq2tic6ln10rcuh5','127.0.0.1',1557420181,_binary '__ci_last_regenerate|i:1557420181;logged_in|a:2:{s:7:\"user_id\";s:1:\"6\";s:12:\"login_status\";b:1;}__ci_vars|a:1:{s:9:\"msg_error\";s:3:\"old\";}msg_error|s:0:\"\";'),('trbopnbk6lkeivd90udhcv6vlqj5h8pe','127.0.0.1',1557420236,_binary '__ci_last_regenerate|i:1557420236;logged_in|a:2:{s:7:\"user_id\";s:1:\"6\";s:12:\"login_status\";b:1;}msg_error|s:0:\"\";__ci_vars|a:1:{s:9:\"msg_error\";s:3:\"new\";}'),('ejv08iirq0duanibidl08qil2e49n6ml','127.0.0.1',1557420261,_binary '__ci_last_regenerate|i:1557420261;logged_in|a:2:{s:7:\"user_id\";s:1:\"6\";s:12:\"login_status\";b:1;}__ci_vars|a:1:{s:9:\"msg_error\";s:3:\"old\";}msg_error|s:0:\"\";'),('16vudsv5s4j5cvpeq2beuflm5msgqvlm','127.0.0.1',1557420272,_binary '__ci_last_regenerate|i:1557420272;logged_in|a:2:{s:7:\"user_id\";s:1:\"6\";s:12:\"login_status\";b:1;}'),('0p3c05qp8nkc1jko9gcoj2og0ova9ja0','127.0.0.1',1557420338,_binary '__ci_last_regenerate|i:1557420338;logged_in|a:2:{s:7:\"user_id\";s:1:\"6\";s:12:\"login_status\";b:1;}'),('krsf4ec2bbvh0ualp6qbmv0i9494qnjm','127.0.0.1',1557420345,_binary '__ci_last_regenerate|i:1557420345;logged_in|a:2:{s:7:\"user_id\";s:1:\"6\";s:12:\"login_status\";b:1;}'),('fd710c0omv3214m19htaf2bpq1sjvg1h','127.0.0.1',1557420353,_binary '__ci_last_regenerate|i:1557420353;logged_in|a:2:{s:7:\"user_id\";s:1:\"6\";s:12:\"login_status\";b:1;}'),('l0lds1cr6ov8fbdb67jvs84ers10cqlj','127.0.0.1',1557420362,_binary '__ci_last_regenerate|i:1557420362;logged_in|a:2:{s:7:\"user_id\";s:1:\"6\";s:12:\"login_status\";b:1;}msg_error|s:0:\"\";__ci_vars|a:1:{s:9:\"msg_error\";s:3:\"new\";}'),('1iqlj3mq8l5bdvkhbpok8ld493chqmrm','127.0.0.1',1557420368,_binary '__ci_last_regenerate|i:1557420368;logged_in|a:2:{s:7:\"user_id\";s:1:\"6\";s:12:\"login_status\";b:1;}msg_noti|s:20:\"Success delete post.\";__ci_vars|a:1:{s:8:\"msg_noti\";s:3:\"old\";}'),('5n8tli3f4pv1ogasga5b0svl8cnv4j9u','127.0.0.1',1557420466,_binary '__ci_last_regenerate|i:1557420466;logged_in|a:2:{s:7:\"user_id\";s:1:\"6\";s:12:\"login_status\";b:1;}msg_error|s:0:\"\";__ci_vars|a:1:{s:9:\"msg_error\";s:3:\"new\";}'),('bhc39tf8bfuunrg8egbc3t73giahbfpo','127.0.0.1',1557420474,_binary '__ci_last_regenerate|i:1557420474;logged_in|a:2:{s:7:\"user_id\";s:1:\"6\";s:12:\"login_status\";b:1;}msg_error|s:0:\"\";__ci_vars|a:1:{s:9:\"msg_error\";s:3:\"old\";}'),('vsju0omj6pjj98m1lgmicnepb4922qle','127.0.0.1',1557420481,_binary '__ci_last_regenerate|i:1557420481;logged_in|a:2:{s:7:\"user_id\";s:1:\"6\";s:12:\"login_status\";b:1;}'),('892ob76gp2qapsmf5469uudontm2bcdi','127.0.0.1',1557420577,_binary '__ci_last_regenerate|i:1557420577;logged_in|a:2:{s:7:\"user_id\";s:1:\"6\";s:12:\"login_status\";b:1;}'),('psj431v6thqjnv8a4pv841uttcu3dp7c','127.0.0.1',1557420592,_binary '__ci_last_regenerate|i:1557420592;logged_in|a:2:{s:7:\"user_id\";s:1:\"6\";s:12:\"login_status\";b:1;}__ci_vars|a:1:{s:9:\"msg_error\";s:3:\"old\";}msg_error|s:0:\"\";'),('oje7s2o3tka1itf4rjgataodo1c9m4ud','127.0.0.1',1557420599,_binary '__ci_last_regenerate|i:1557420599;logged_in|a:2:{s:7:\"user_id\";s:1:\"6\";s:12:\"login_status\";b:1;}'),('ojovbhodipk50ihgkvoltqsnluihgfka','127.0.0.1',1557420608,_binary '__ci_last_regenerate|i:1557420608;logged_in|a:2:{s:7:\"user_id\";s:1:\"6\";s:12:\"login_status\";b:1;}msg_error|s:0:\"\";__ci_vars|a:1:{s:9:\"msg_error\";s:3:\"new\";}'),('6v7l4mpbdk11eckno7lgjp3s927evje7','127.0.0.1',1557420617,_binary '__ci_last_regenerate|i:1557420617;logged_in|a:2:{s:7:\"user_id\";s:1:\"6\";s:12:\"login_status\";b:1;}__ci_vars|a:1:{s:9:\"msg_error\";s:3:\"old\";}msg_error|s:0:\"\";'),('28soecb386mfd11uih84v6u24octe8b9','127.0.0.1',1557420641,_binary '__ci_last_regenerate|i:1557420641;logged_in|a:2:{s:7:\"user_id\";s:1:\"6\";s:12:\"login_status\";b:1;}'),('o6ubbkip4agl5vm81np9gd3s8of6v0mg','127.0.0.1',1557420649,_binary '__ci_last_regenerate|i:1557420649;logged_in|a:2:{s:7:\"user_id\";s:1:\"6\";s:12:\"login_status\";b:1;}'),('dettqjpb0bib0cm5jo68adtg5da2takb','127.0.0.1',1557420686,_binary '__ci_last_regenerate|i:1557420686;logged_in|a:2:{s:7:\"user_id\";s:1:\"6\";s:12:\"login_status\";b:1;}'),('1d0fl0aaemff6f9ceav938m58g5qgpfn','127.0.0.1',1557420694,_binary '__ci_last_regenerate|i:1557420694;logged_in|a:2:{s:7:\"user_id\";s:1:\"6\";s:12:\"login_status\";b:1;}'),('hjtjpe1rq0nlqfnlg73jcdnh2krosnrl','127.0.0.1',1557420701,_binary '__ci_last_regenerate|i:1557420701;logged_in|a:2:{s:7:\"user_id\";s:1:\"6\";s:12:\"login_status\";b:1;}'),('haf01cuujkregd7ojceqjrk4kis4j05c','127.0.0.1',1557420721,_binary '__ci_last_regenerate|i:1557420721;logged_in|a:2:{s:7:\"user_id\";s:1:\"6\";s:12:\"login_status\";b:1;}'),('8k8ako5paj0o0kgtbb2a6fqh4864n11l','127.0.0.1',1557420727,_binary '__ci_last_regenerate|i:1557420727;logged_in|a:2:{s:7:\"user_id\";s:1:\"6\";s:12:\"login_status\";b:1;}msg_noti|s:20:\"Success delete post.\";__ci_vars|a:1:{s:8:\"msg_noti\";s:3:\"old\";}'),('gfnb2e7a830jck7t979pilsq1hn0605a','127.0.0.1',1557420789,_binary '__ci_last_regenerate|i:1557420789;logged_in|a:2:{s:7:\"user_id\";s:1:\"6\";s:12:\"login_status\";b:1;}msg_error|s:0:\"\";__ci_vars|a:1:{s:9:\"msg_error\";s:3:\"new\";}'),('gpgk4u12j5sur3pr1qajh8i595poiut3','127.0.0.1',1557420795,_binary '__ci_last_regenerate|i:1557420795;logged_in|a:2:{s:7:\"user_id\";s:1:\"6\";s:12:\"login_status\";b:1;}__ci_vars|a:1:{s:9:\"msg_error\";s:3:\"old\";}msg_error|s:0:\"\";'),('n86pg4udl14k1jklgrtqbnb98ar0a580','127.0.0.1',1557420823,_binary '__ci_last_regenerate|i:1557420823;logged_in|a:2:{s:7:\"user_id\";s:1:\"6\";s:12:\"login_status\";b:1;}msg_error|s:0:\"\";__ci_vars|a:1:{s:9:\"msg_error\";s:3:\"new\";}'),('iv05jo6siqu58p999h6h1uid7dsrr618','127.0.0.1',1557420865,_binary '__ci_last_regenerate|i:1557420865;logged_in|a:2:{s:7:\"user_id\";s:1:\"6\";s:12:\"login_status\";b:1;}msg_error|s:0:\"\";__ci_vars|a:1:{s:9:\"msg_error\";s:3:\"old\";}'),('f9shlk4p25o2kdaqutjk51baid7a1ubu','127.0.0.1',1557420913,_binary '__ci_last_regenerate|i:1557420913;logged_in|a:2:{s:7:\"user_id\";s:1:\"6\";s:12:\"login_status\";b:1;}'),('ju7sh139bucpijhafmic8o8haq165hpm','127.0.0.1',1557420921,_binary '__ci_last_regenerate|i:1557420921;logged_in|a:2:{s:7:\"user_id\";s:1:\"6\";s:12:\"login_status\";b:1;}__ci_vars|a:1:{s:9:\"msg_error\";s:3:\"old\";}msg_error|s:0:\"\";'),('705n0223eadiqh65bobfusnrkvc3r0op','127.0.0.1',1557420964,_binary '__ci_last_regenerate|i:1557420964;logged_in|a:2:{s:7:\"user_id\";s:1:\"6\";s:12:\"login_status\";b:1;}'),('ujfogel9esc2gtllhnu2ejr2b2atpanh','127.0.0.1',1557421103,_binary '__ci_last_regenerate|i:1557421103;logged_in|a:2:{s:7:\"user_id\";s:1:\"6\";s:12:\"login_status\";b:1;}__ci_vars|a:1:{s:9:\"msg_error\";s:3:\"old\";}msg_error|s:0:\"\";'),('etmj26p104pl4c953cgoacrda08usrf1','127.0.0.1',1557421119,_binary '__ci_last_regenerate|i:1557421119;logged_in|a:2:{s:7:\"user_id\";s:1:\"6\";s:12:\"login_status\";b:1;}__ci_vars|a:1:{s:9:\"msg_error\";s:3:\"old\";}msg_error|s:0:\"\";'),('q4kefrc6k9052cs9aatj9leqabv62h72','127.0.0.1',1557422929,_binary '__ci_last_regenerate|i:1557422929;msg_noti|s:18:\"Successfuly Logout\";__ci_vars|a:1:{s:8:\"msg_noti\";s:3:\"old\";}'),('jru0uh0v9i7svio8gfv25nuvr8qbbrf8','127.0.0.1',1557426257,_binary '__ci_last_regenerate|i:1557426257;msg_noti|s:18:\"Successfuly Logout\";__ci_vars|a:1:{s:8:\"msg_noti\";s:3:\"old\";}'),('38lqjngsja0jp1n4fgj2dfgj5pv1p5n5','127.0.0.1',1557426377,_binary '__ci_last_regenerate|i:1557426377;'),('qubblje4v1nsnobuf4vb0f46oca7orrf','127.0.0.1',1557426386,_binary '__ci_last_regenerate|i:1557426386;'),('4l256ofgttvsqece23342msk6lc63rrm','127.0.0.1',1557426678,_binary '__ci_last_regenerate|i:1557426678;'),('leu29bsnhf3hgihdja16v7kikq4ei230','127.0.0.1',1557426692,_binary '__ci_last_regenerate|i:1557426692;'),('3q23n9gkpsi5sdq2o2ojjrbtgg7f2rua','127.0.0.1',1557426718,_binary '__ci_last_regenerate|i:1557426718;'),('oog6r51ohi40uccgm03b8ha5hdssa9pp','127.0.0.1',1557426767,_binary '__ci_last_regenerate|i:1557426767;'),('860qndblj7j9dqv8lutcqlq3f0d5ep9o','127.0.0.1',1557427622,_binary '__ci_last_regenerate|i:1557427622;'),('n9cvr3jk3mur7mdsmfakg0eveps4oicm','127.0.0.1',1557427707,_binary '__ci_last_regenerate|i:1557427707;'),('uqovdt9db07bb0t3upnib3ngksi3iku5','127.0.0.1',1557427773,_binary '__ci_last_regenerate|i:1557427773;'),('kv5j0qmjgqnrhd0vk2h0ihs6mf6mhmr2','127.0.0.1',1557427779,_binary '__ci_last_regenerate|i:1557427779;'),('k7pj9201stkulhkvc6ftlpunf0sbg524','127.0.0.1',1557427805,_binary '__ci_last_regenerate|i:1557427805;'),('4po4k5h685btlpa2vcakkredjvbo9iej','127.0.0.1',1557427811,_binary '__ci_last_regenerate|i:1557427811;'),('qjaephljes81kb4kbj5p3rqn24levr4n','127.0.0.1',1557427853,_binary '__ci_last_regenerate|i:1557427853;'),('og53ft7f78h8ie3o45ch9q4r9le5klvl','127.0.0.1',1557427896,_binary '__ci_last_regenerate|i:1557427896;'),('jtf9254kih1borr6184e8mmsnuia9mn7','127.0.0.1',1557427946,_binary '__ci_last_regenerate|i:1557427946;'),('keg5flr3rr7p5nko1ga7c862s0n0vbcb','127.0.0.1',1557427959,_binary '__ci_last_regenerate|i:1557427959;'),('q5iqaah6m7dejdpmh3bhhh8ffapo3qm0','127.0.0.1',1557428008,_binary '__ci_last_regenerate|i:1557428008;'),('df09pbd3t82pc2onaanctk8b73k9jcu4','127.0.0.1',1557428048,_binary '__ci_last_regenerate|i:1557428048;'),('o5ld6l48pu9caq5qq35nroos9mmg3d2m','127.0.0.1',1557428063,_binary '__ci_last_regenerate|i:1557428063;'),('rq85apafb1f87k397tordvaqdp7k0eo4','127.0.0.1',1557428230,_binary '__ci_last_regenerate|i:1557428230;'),('6bn1uaanjidnnjvqndlhl0kn7ohi9jt6','127.0.0.1',1557428420,_binary '__ci_last_regenerate|i:1557428420;'),('5n83f9s8tbf1gncokr3olmr9s7eteht7','127.0.0.1',1557428443,_binary '__ci_last_regenerate|i:1557428443;'),('vtfe31opu6pnb9k82nfeo8d469174lvi','127.0.0.1',1557428602,_binary '__ci_last_regenerate|i:1557428602;'),('iouh25j17b1c4s7hdum9lqpml1fh2p9g','127.0.0.1',1557428808,_binary '__ci_last_regenerate|i:1557428808;'),('gv42n6tm34mfgillfhlns4fitp5neslk','127.0.0.1',1557429350,_binary '__ci_last_regenerate|i:1557429350;'),('un3u9dgku985j79oll5t9o8vqdfed6gj','127.0.0.1',1557430012,_binary '__ci_last_regenerate|i:1557430012;'),('ngfomsar18ggq4n2m09g7i3f49tkg4ta','127.0.0.1',1557430103,_binary '__ci_last_regenerate|i:1557430103;'),('oae2olrq1q9inte8rjea7t8e3rppr1ui','127.0.0.1',1557430131,_binary '__ci_last_regenerate|i:1557430131;'),('si54qlmhqp0udgjm721qt831ecldv1cp','127.0.0.1',1557430144,_binary '__ci_last_regenerate|i:1557430144;'),('kagoao1m8suqmkbt12am4o3rnovl45fs','127.0.0.1',1557430376,_binary '__ci_last_regenerate|i:1557430376;'),('ttq5hi0r75f62tojjscj97msvqp5se2l','127.0.0.1',1557430382,_binary '__ci_last_regenerate|i:1557430382;'),('30b5u12ka4pbjfngnc6js0u36s6dvlbe','127.0.0.1',1557430560,_binary '__ci_last_regenerate|i:1557430560;'),('09l0f36hlrr57978uogvn8ddf8u0k13e','127.0.0.1',1557430814,_binary '__ci_last_regenerate|i:1557430814;'),('bkil77q5ufeapjvjmt87p4q54688j8h7','127.0.0.1',1557430965,_binary '__ci_last_regenerate|i:1557430965;'),('eprorqa8puogg0adol7l2v1uihrg9d5a','127.0.0.1',1557430973,_binary '__ci_last_regenerate|i:1557430973;'),('3nk5ivhgtbsobjicm8cq7uftv4pvev9i','127.0.0.1',1557430983,_binary '__ci_last_regenerate|i:1557430983;'),('a8r4ol3fji2c70qc5681vit3unccaelf','127.0.0.1',1557431058,_binary '__ci_last_regenerate|i:1557431058;'),('esu497s1sv06ke3isr285mjpaqohbcef','127.0.0.1',1557431666,_binary '__ci_last_regenerate|i:1557431666;'),('opnbnbam90d9vq6u853fkugf76ri5a2d','127.0.0.1',1557431701,_binary '__ci_last_regenerate|i:1557431701;'),('udfigb1entnhp21l3t17dci553u00dld','127.0.0.1',1557431755,_binary '__ci_last_regenerate|i:1557431755;'),('ql51dh7o8lorvgq9hr0ut5r0sv9p1u5d','127.0.0.1',1557431852,_binary '__ci_last_regenerate|i:1557431852;'),('usd6if85ag0kgqakauh6jq9lbij55jes','127.0.0.1',1557431938,_binary '__ci_last_regenerate|i:1557431938;'),('qta4kptl5uf96vf008j907h81f336f77','127.0.0.1',1557432507,_binary '__ci_last_regenerate|i:1557432507;'),('e431jgm54jlpbtstep39lnr9dcgt0j1p','127.0.0.1',1557432604,_binary '__ci_last_regenerate|i:1557432604;'),('ijebm961m10a35vnr7hllo50mu5nombq','127.0.0.1',1557432691,_binary '__ci_last_regenerate|i:1557432691;'),('5p58dhr4fbq14t88utn25ntb16qucle9','127.0.0.1',1557432700,_binary '__ci_last_regenerate|i:1557432700;'),('b1445g4u4ek048i7n9tfbu2t030uc4ui','127.0.0.1',1557432715,_binary '__ci_last_regenerate|i:1557432715;'),('n8qetdoaoh80ict9btdu3d3qch478sj1','127.0.0.1',1557432731,_binary '__ci_last_regenerate|i:1557432731;'),('jm8vmi38bqn4kim7er4koo9e8g7o4uu6','127.0.0.1',1557432739,_binary '__ci_last_regenerate|i:1557432739;'),('1mvg3mbf9a76ccqhv350ahdd6kcecfsi','127.0.0.1',1557432739,_binary '__ci_last_regenerate|i:1557432739;'),('b8cc4kqhbp6tbcku7aa937gs4v0qei49','127.0.0.1',1557450579,_binary '__ci_last_regenerate|i:1557450579;'),('uiascjltve1uprk3o55q0ausqdtdtd8s','127.0.0.1',1557450609,_binary '__ci_last_regenerate|i:1557450609;'),('vfa6m9iagm10vi3fqtcede751tu00tfn','127.0.0.1',1557450625,_binary '__ci_last_regenerate|i:1557450625;'),('skojjco78vtlj7j5f3l3t41au6gm93h4','127.0.0.1',1557450641,_binary '__ci_last_regenerate|i:1557450641;'),('pe9s1ua4jlh74ecb1pgdpfmfjrph73b1','127.0.0.1',1557450667,_binary '__ci_last_regenerate|i:1557450667;msg_error|s:0:\"\";__ci_vars|a:1:{s:9:\"msg_error\";s:3:\"new\";}'),('k2ksma3hv2g938k6lt94agqa1c66k1dp','127.0.0.1',1557450675,_binary '__ci_last_regenerate|i:1557450675;msg_error|s:0:\"\";__ci_vars|a:1:{s:9:\"msg_error\";s:3:\"old\";}'),('t3t2bcr079ne0vc7g0mn88696mtqh4j7','127.0.0.1',1557450688,_binary '__ci_last_regenerate|i:1557450688;logged_in|a:2:{s:7:\"user_id\";s:1:\"5\";s:12:\"login_status\";b:1;}msg_noti|s:13:\"Welcome back.\";__ci_vars|a:1:{s:8:\"msg_noti\";s:3:\"old\";}'),('j63qnhaocl7mr4r8c9to2086ssnr59v6','127.0.0.1',1557450703,_binary '__ci_last_regenerate|i:1557450703;logged_in|a:2:{s:7:\"user_id\";s:1:\"5\";s:12:\"login_status\";b:1;}msg_error|s:0:\"\";__ci_vars|a:1:{s:9:\"msg_error\";s:3:\"new\";}'),('tsfke0qgfbjkgf9782oahunqhrp28287','127.0.0.1',1557450714,_binary '__ci_last_regenerate|i:1557450714;logged_in|a:2:{s:7:\"user_id\";s:1:\"5\";s:12:\"login_status\";b:1;}msg_error|s:0:\"\";__ci_vars|a:1:{s:9:\"msg_error\";s:3:\"old\";}'),('t3f2lfd6lhh1bcvblo0f5btu1ue9ri4q','127.0.0.1',1557450747,_binary '__ci_last_regenerate|i:1557450747;logged_in|a:2:{s:7:\"user_id\";s:1:\"5\";s:12:\"login_status\";b:1;}'),('oucf55oehhgdb19k24ho7ndlc94od9tp','127.0.0.1',1557450754,_binary '__ci_last_regenerate|i:1557450754;logged_in|a:2:{s:7:\"user_id\";s:1:\"5\";s:12:\"login_status\";b:1;}'),('9f73f9iddc9famh8vbs33kicvh2c8iaf','127.0.0.1',1557450763,_binary '__ci_last_regenerate|i:1557450763;logged_in|a:2:{s:7:\"user_id\";s:1:\"5\";s:12:\"login_status\";b:1;}msg_error|s:0:\"\";__ci_vars|a:1:{s:9:\"msg_error\";s:3:\"new\";}'),('qnkokcjd9bv7kipkh8kh9cktrr1ju835','127.0.0.1',1557450769,_binary '__ci_last_regenerate|i:1557450769;logged_in|a:2:{s:7:\"user_id\";s:1:\"5\";s:12:\"login_status\";b:1;}msg_error|s:0:\"\";__ci_vars|a:1:{s:9:\"msg_error\";s:3:\"old\";}'),('5d06kesbb7t5k3nqfuqh0ek6gpgniqo2','127.0.0.1',1557450778,_binary '__ci_last_regenerate|i:1557450778;logged_in|a:2:{s:7:\"user_id\";s:1:\"5\";s:12:\"login_status\";b:1;}'),('jggc98usollq435cincsbmvdlfsfq0pe','127.0.0.1',1557450854,_binary '__ci_last_regenerate|i:1557450854;logged_in|a:2:{s:7:\"user_id\";s:1:\"5\";s:12:\"login_status\";b:1;}msg_error|s:0:\"\";__ci_vars|a:1:{s:9:\"msg_error\";s:3:\"new\";}'),('scp8ek4gmefn0qhu2gb9ht6ic2n0omml','127.0.0.1',1557451239,_binary '__ci_last_regenerate|i:1557451239;'),('h1updvkrfoaq9etnlm72avvud8hbrm5j','127.0.0.1',1557451246,_binary '__ci_last_regenerate|i:1557451246;'),('r929iovqcd2kunhcq0ot6ko4bu24ofoe','127.0.0.1',1557451254,_binary '__ci_last_regenerate|i:1557451254;'),('hovg8mtc5stfhbb2tdaumeik2bp189t5','127.0.0.1',1557451353,_binary '__ci_last_regenerate|i:1557451353;'),('7t7jdpddkg7i4eq24a406ahldc5g9f0a','127.0.0.1',1557451370,_binary '__ci_last_regenerate|i:1557451370;'),('qfkks6fcr95p932fro72dernu234iv68','127.0.0.1',1557451380,_binary '__ci_last_regenerate|i:1557451380;'),('rfkt2bhu2airumgu7jt3coebi6maofce','127.0.0.1',1557451393,_binary '__ci_last_regenerate|i:1557451393;'),('cqioov7678tjmpbp2s6d340ltmo8aqmj','127.0.0.1',1557451449,_binary '__ci_last_regenerate|i:1557451449;'),('p3i4imptdvq6hu97dvn71ef51ve0dqm3','127.0.0.1',1557451592,_binary '__ci_last_regenerate|i:1557451592;'),('snrbhuesbfbi2imhap33v8j11ev2l8fv','127.0.0.1',1557451606,_binary '__ci_last_regenerate|i:1557451606;'),('bop9ahrbll63dfa99o9gk179gr17padj','127.0.0.1',1557451694,_binary '__ci_last_regenerate|i:1557451694;'),('3qhhgf9ktpopphrrrgmrubd7771pqfch','127.0.0.1',1557452430,_binary '__ci_last_regenerate|i:1557452430;'),('rk8d3irls530u5eda314r51b39u5ovkf','127.0.0.1',1557452699,_binary '__ci_last_regenerate|i:1557452699;'),('mvt2r6aihags7lml6anh16dmm77bi7go','127.0.0.1',1557452946,_binary '__ci_last_regenerate|i:1557452946;'),('ralem7g0j49nr62j4udordal5u7eifmp','127.0.0.1',1557453028,_binary '__ci_last_regenerate|i:1557453028;logged_in|a:2:{s:7:\"user_id\";s:1:\"5\";s:12:\"login_status\";b:1;}msg_error|s:0:\"\";__ci_vars|a:1:{s:9:\"msg_error\";s:3:\"new\";}'),('9bgkusi50ku3mbka9ts0rflqtfo4132k','127.0.0.1',1557453049,_binary '__ci_last_regenerate|i:1557453049;logged_in|a:2:{s:7:\"user_id\";s:1:\"5\";s:12:\"login_status\";b:1;}'),('0plhg2uvohvrf8ttv5k8elmslu56hvqv','127.0.0.1',1557453183,_binary '__ci_last_regenerate|i:1557453183;logged_in|a:2:{s:7:\"user_id\";s:1:\"5\";s:12:\"login_status\";b:1;}'),('i1pb8mrmltlpgb552dt66enbn7l70dt6','127.0.0.1',1557454005,_binary '__ci_last_regenerate|i:1557454005;logged_in|a:2:{s:7:\"user_id\";s:1:\"5\";s:12:\"login_status\";b:1;}'),('7cpuuntr2imuj4isgqhmk5cvv7m7lfv7','127.0.0.1',1557456673,_binary '__ci_last_regenerate|i:1557456673;msg_noti|s:18:\"Successfuly Logout\";__ci_vars|a:1:{s:8:\"msg_noti\";s:3:\"old\";}'),('i8gcau74q4bi8prbn8v23bt3tp439f0p','127.0.0.1',1557456694,_binary '__ci_last_regenerate|i:1557456694;'),('97i9oltauhric0o36a5tq7d5l90r4ifg','127.0.0.1',1557457519,_binary '__ci_last_regenerate|i:1557457519;'),('uvvtpnkaqeq0hv3grpievn5vbil3ppa0','127.0.0.1',1557457740,_binary '__ci_last_regenerate|i:1557457740;'),('ug9r2bvl53m5pe2ae83h30p9gsdrmeof','127.0.0.1',1557458200,_binary '__ci_last_regenerate|i:1557458200;'),('ver0bi7u8dqi2ivg6g6k1h6hvpcrc4b7','127.0.0.1',1557458239,_binary '__ci_last_regenerate|i:1557458239;'),('gig7dq3o3hr286jrh5m6v5ob8877n0u4','127.0.0.1',1557458264,_binary '__ci_last_regenerate|i:1557458264;'),('86av55gd5685t2fu9gbnbdrjbnmoc4b0','127.0.0.1',1557458407,_binary '__ci_last_regenerate|i:1557458407;'),('tjmbfg8e8tr4phbgoum3r424j64e3h5j','127.0.0.1',1557458413,_binary '__ci_last_regenerate|i:1557458413;'),('io64ad2ppub55porfhvceutpt7fhp2m2','127.0.0.1',1557458428,_binary '__ci_last_regenerate|i:1557458428;'),('668h4gllnqmr5fvnd9j269ug3d54scj5','127.0.0.1',1557458434,_binary '__ci_last_regenerate|i:1557458434;'),('mj3v3qb5cdrjcef4hmdqvkbacar21pa5','127.0.0.1',1557458444,_binary '__ci_last_regenerate|i:1557458444;'),('66epuggt49ppq82u42ihk2l5fi1fr4c0','127.0.0.1',1557458461,_binary '__ci_last_regenerate|i:1557458461;'),('7p9a3ngq6jdicrnr7jaqlrdpe7il9kdg','127.0.0.1',1557458592,_binary '__ci_last_regenerate|i:1557458592;'),('04rdiqpv1sh7s0foq60jonaseogj01ou','127.0.0.1',1557458602,_binary '__ci_last_regenerate|i:1557458602;'),('h3u9edok7q1q1354mvm1vq7tknlp0qn7','127.0.0.1',1557458603,_binary '__ci_last_regenerate|i:1557458602;'),('13s9belhdr15ar69c3p6r7q2u23fvdde','127.0.0.1',1572700658,_binary '__ci_last_regenerate|i:1572700658;'),('msua072r1fncg9puuevpg8opvfrugoa5','127.0.0.1',1572700734,_binary '__ci_last_regenerate|i:1572700734;'),('uidn7h0dvn5v8mv6fbo0ll0a2daoobfk','127.0.0.1',1572700745,_binary '__ci_last_regenerate|i:1572700745;'),('312cratskls19kflvn4ilkun7i7ke4tt','127.0.0.1',1572700754,_binary '__ci_last_regenerate|i:1572700754;logged_in|a:2:{s:7:\"user_id\";s:1:\"5\";s:12:\"login_status\";b:1;}msg_noti|s:13:\"Welcome back.\";__ci_vars|a:1:{s:8:\"msg_noti\";s:3:\"old\";}'),('8frpoi3v2qip3ucdgcqnajla0044pgrn','127.0.0.1',1572700766,_binary '__ci_last_regenerate|i:1572700766;logged_in|a:2:{s:7:\"user_id\";s:1:\"5\";s:12:\"login_status\";b:1;}msg_error|s:0:\"\";__ci_vars|a:1:{s:9:\"msg_error\";s:3:\"new\";}'),('ii9l0d5ebktg4b0tnaesb2jh7f8cj3bt','127.0.0.1',1572701034,_binary '__ci_last_regenerate|i:1572701034;logged_in|a:2:{s:7:\"user_id\";s:1:\"5\";s:12:\"login_status\";b:1;}msg_error|s:0:\"\";__ci_vars|a:1:{s:9:\"msg_error\";s:3:\"old\";}'),('jjbsfj1tj863b1daulukvprj0h5ivd1i','127.0.0.1',1572701059,_binary '__ci_last_regenerate|i:1572701059;logged_in|a:2:{s:7:\"user_id\";s:1:\"5\";s:12:\"login_status\";b:1;}'),('dvs6f61qdtvrtgr0b0kr9k8a6f3e67sp','127.0.0.1',1572701602,_binary '__ci_last_regenerate|i:1572701602;logged_in|a:2:{s:7:\"user_id\";s:1:\"5\";s:12:\"login_status\";b:1;}msg_error|s:0:\"\";__ci_vars|a:1:{s:9:\"msg_error\";s:3:\"new\";}'),('u3bobdgspsrrog5h6bkh7mmv2kvmld4f','127.0.0.1',1572701655,_binary '__ci_last_regenerate|i:1572701655;logged_in|a:2:{s:7:\"user_id\";s:1:\"5\";s:12:\"login_status\";b:1;}msg_error|s:0:\"\";__ci_vars|a:1:{s:9:\"msg_error\";s:3:\"old\";}'),('20hqmfiir7mch0qi7pf8clkcu1vpioup','127.0.0.1',1572701729,_binary '__ci_last_regenerate|i:1572701729;logged_in|a:2:{s:7:\"user_id\";s:1:\"5\";s:12:\"login_status\";b:1;}'),('2alqumq3t5l58c8go7clfqtp3g9i3tnv','127.0.0.1',1572701756,_binary '__ci_last_regenerate|i:1572701756;logged_in|a:2:{s:7:\"user_id\";s:1:\"5\";s:12:\"login_status\";b:1;}'),('lk2used7lpi1cb350sndc1s7juq35h92','127.0.0.1',1572701785,_binary '__ci_last_regenerate|i:1572701785;logged_in|a:2:{s:7:\"user_id\";s:1:\"5\";s:12:\"login_status\";b:1;}'),('9llgop4dismm16s6d3p6s4e6g8215tfo','127.0.0.1',1572701910,_binary '__ci_last_regenerate|i:1572701910;logged_in|a:2:{s:7:\"user_id\";s:1:\"5\";s:12:\"login_status\";b:1;}'),('16vl6bljh6efu1iqi0ju65cbkjlic4jr','127.0.0.1',1572701920,_binary '__ci_last_regenerate|i:1572701920;logged_in|a:2:{s:7:\"user_id\";s:1:\"5\";s:12:\"login_status\";b:1;}'),('v944hbl6u82faljc31rb0dd98aoa93hd','127.0.0.1',1572701938,_binary '__ci_last_regenerate|i:1572701938;logged_in|a:2:{s:7:\"user_id\";s:1:\"5\";s:12:\"login_status\";b:1;}'),('dsseescpt1avuma8vk4epqcapl6tek1p','127.0.0.1',1572702077,_binary '__ci_last_regenerate|i:1572702077;logged_in|a:2:{s:7:\"user_id\";s:1:\"5\";s:12:\"login_status\";b:1;}'),('2hmbdobojidt5ona13p37qig8945p2u5','127.0.0.1',1572702092,_binary '__ci_last_regenerate|i:1572702092;logged_in|a:2:{s:7:\"user_id\";s:1:\"5\";s:12:\"login_status\";b:1;}'),('0quih7odl0f4sub7v333ghf182kkierg','127.0.0.1',1572702126,_binary '__ci_last_regenerate|i:1572702126;logged_in|a:2:{s:7:\"user_id\";s:1:\"5\";s:12:\"login_status\";b:1;}'),('mud8q77lermk2pk5nvgvoqlsu759bg79','127.0.0.1',1572702136,_binary '__ci_last_regenerate|i:1572702136;logged_in|a:2:{s:7:\"user_id\";s:1:\"5\";s:12:\"login_status\";b:1;}'),('i9ptpjbbsusasfmhh8dm3o7ggsj9f8n1','127.0.0.1',1572702147,_binary '__ci_last_regenerate|i:1572702147;logged_in|a:2:{s:7:\"user_id\";s:1:\"5\";s:12:\"login_status\";b:1;}'),('t1s7avaeehqjtm1nbuv0966evgshc19k','127.0.0.1',1572702154,_binary '__ci_last_regenerate|i:1572702154;logged_in|a:2:{s:7:\"user_id\";s:1:\"5\";s:12:\"login_status\";b:1;}'),('k669vush2ivohtjcnmno28fdapt7e3op','127.0.0.1',1572702165,_binary '__ci_last_regenerate|i:1572702165;logged_in|a:2:{s:7:\"user_id\";s:1:\"5\";s:12:\"login_status\";b:1;}'),('eacmilcrnpalic3arjq6eltcb7bckkt6','127.0.0.1',1572702175,_binary '__ci_last_regenerate|i:1572702175;logged_in|a:2:{s:7:\"user_id\";s:1:\"5\";s:12:\"login_status\";b:1;}'),('36d59jbtup3cirsb4a4o24vndqjmv0rj','127.0.0.1',1572702199,_binary '__ci_last_regenerate|i:1572702199;logged_in|a:2:{s:7:\"user_id\";s:1:\"5\";s:12:\"login_status\";b:1;}'),('10rlsa0ndcpnnf5u12hf5n7br7o0vbci','127.0.0.1',1572702224,_binary '__ci_last_regenerate|i:1572702224;logged_in|a:2:{s:7:\"user_id\";s:1:\"5\";s:12:\"login_status\";b:1;}'),('6qts3the4roct4fp3tktn37jh5bjgplh','127.0.0.1',1572702285,_binary '__ci_last_regenerate|i:1572702285;logged_in|a:2:{s:7:\"user_id\";s:1:\"5\";s:12:\"login_status\";b:1;}'),('cs0kj2st9s21cjslvemvj24lh370u92d','127.0.0.1',1572702338,_binary '__ci_last_regenerate|i:1572702338;logged_in|a:2:{s:7:\"user_id\";s:1:\"5\";s:12:\"login_status\";b:1;}'),('mm4f8av2178cfjkeuesht3e99s3eab0u','127.0.0.1',1572702349,_binary '__ci_last_regenerate|i:1572702349;logged_in|a:2:{s:7:\"user_id\";s:1:\"5\";s:12:\"login_status\";b:1;}'),('t8kbmbd68nbl21qkt4h6pjvmd63chqd5','127.0.0.1',1572702702,_binary '__ci_last_regenerate|i:1572702702;logged_in|a:2:{s:7:\"user_id\";s:1:\"5\";s:12:\"login_status\";b:1;}'),('et0q42csani21lr6lbj04rv5hkmib6l6','127.0.0.1',1572704080,_binary '__ci_last_regenerate|i:1572704080;logged_in|a:2:{s:7:\"user_id\";s:1:\"5\";s:12:\"login_status\";b:1;}'),('nf8tnfpettr90dfljujq3dlscms731cs','127.0.0.1',1572704251,_binary '__ci_last_regenerate|i:1572704251;logged_in|a:2:{s:7:\"user_id\";s:1:\"5\";s:12:\"login_status\";b:1;}'),('oiicp0dio3khcaoru7ijtrqps864cgis','127.0.0.1',1572704263,_binary '__ci_last_regenerate|i:1572704263;logged_in|a:2:{s:7:\"user_id\";s:1:\"5\";s:12:\"login_status\";b:1;}'),('kg6h3173eae0bsq5mntn90grh36turgc','127.0.0.1',1572704270,_binary '__ci_last_regenerate|i:1572704270;logged_in|a:2:{s:7:\"user_id\";s:1:\"5\";s:12:\"login_status\";b:1;}'),('i4uqan65dq5s2kehmma1o2aqncr5um2i','127.0.0.1',1572704717,_binary '__ci_last_regenerate|i:1572704717;logged_in|a:2:{s:7:\"user_id\";s:1:\"5\";s:12:\"login_status\";b:1;}'),('rl8iu9sk9oa7jl9kqk6fbigq12g0u88b','127.0.0.1',1572704724,_binary '__ci_last_regenerate|i:1572704724;logged_in|a:2:{s:7:\"user_id\";s:1:\"5\";s:12:\"login_status\";b:1;}'),('84ush4dgj72aeu3jg90vp3vd80tl84h4','127.0.0.1',1572704791,_binary '__ci_last_regenerate|i:1572704791;logged_in|a:2:{s:7:\"user_id\";s:1:\"5\";s:12:\"login_status\";b:1;}'),('pvpnqsim9lnodeblic98g1mrpke98l4i','127.0.0.1',1572705205,_binary '__ci_last_regenerate|i:1572705205;logged_in|a:2:{s:7:\"user_id\";s:1:\"5\";s:12:\"login_status\";b:1;}'),('1go4lca39sgmlgdnio7vaeu9kmpd7lrp','127.0.0.1',1572704874,_binary '__ci_last_regenerate|i:1572704874;logged_in|a:2:{s:7:\"user_id\";s:1:\"5\";s:12:\"login_status\";b:1;}'),('ut4f4b9ea34hgtgd3177n2i5q9s32qcp','127.0.0.1',1572705313,_binary '__ci_last_regenerate|i:1572705313;logged_in|a:2:{s:7:\"user_id\";s:1:\"5\";s:12:\"login_status\";b:1;}'),('43c66eclaaeq6ttpufp6j6shoh9lr4q1','127.0.0.1',1572705505,_binary '__ci_last_regenerate|i:1572705505;logged_in|a:2:{s:7:\"user_id\";s:1:\"5\";s:12:\"login_status\";b:1;}'),('a13rumtjlaqmdjeg4t9c0pqad7n9qfgn','127.0.0.1',1572705530,_binary '__ci_last_regenerate|i:1572705530;logged_in|a:2:{s:7:\"user_id\";s:1:\"5\";s:12:\"login_status\";b:1;}'),('l9vvjkgshnko4ia7kabc9jin5shb1u0e','127.0.0.1',1572705666,_binary '__ci_last_regenerate|i:1572705666;logged_in|a:2:{s:7:\"user_id\";s:1:\"5\";s:12:\"login_status\";b:1;}'),('049vqq1n30ohj8331ij10i94rqneo848','127.0.0.1',1572705674,_binary '__ci_last_regenerate|i:1572705674;logged_in|a:2:{s:7:\"user_id\";s:1:\"5\";s:12:\"login_status\";b:1;}'),('9ap80olgujntnnl686mp4btlcndsqo50','127.0.0.1',1572705686,_binary '__ci_last_regenerate|i:1572705686;logged_in|a:2:{s:7:\"user_id\";s:1:\"5\";s:12:\"login_status\";b:1;}'),('vau0qfrq9av07vff0i3efpnc2lt5pbsa','127.0.0.1',1572705694,_binary '__ci_last_regenerate|i:1572705694;logged_in|a:2:{s:7:\"user_id\";s:1:\"5\";s:12:\"login_status\";b:1;}'),('due8l2ncrieu34e5harmub3m8g5kmpm0','127.0.0.1',1572705702,_binary '__ci_last_regenerate|i:1572705702;logged_in|a:2:{s:7:\"user_id\";s:1:\"5\";s:12:\"login_status\";b:1;}'),('pdqjcigam8h2pp55d651aesg6jd0g7n4','127.0.0.1',1572705711,_binary '__ci_last_regenerate|i:1572705711;logged_in|a:2:{s:7:\"user_id\";s:1:\"5\";s:12:\"login_status\";b:1;}'),('h6acdcn1indl0acmq6aaduivjk5u4f9d','127.0.0.1',1572705724,_binary '__ci_last_regenerate|i:1572705724;logged_in|a:2:{s:7:\"user_id\";s:1:\"5\";s:12:\"login_status\";b:1;}'),('41ki67dr814phrl38qu8uigckurnlfd0','127.0.0.1',1572705734,_binary '__ci_last_regenerate|i:1572705734;logged_in|a:2:{s:7:\"user_id\";s:1:\"5\";s:12:\"login_status\";b:1;}'),('j92l8vm93kk95tc8h0344s04a9nc3qpe','127.0.0.1',1572705744,_binary '__ci_last_regenerate|i:1572705744;logged_in|a:2:{s:7:\"user_id\";s:1:\"5\";s:12:\"login_status\";b:1;}'),('51e85bbom7ipnlq6ce4bcd8rq3otfudr','127.0.0.1',1572705757,_binary '__ci_last_regenerate|i:1572705757;logged_in|a:2:{s:7:\"user_id\";s:1:\"5\";s:12:\"login_status\";b:1;}'),('b2nrrqo5n5bep2jt98trdsq55kacoaml','127.0.0.1',1572705819,_binary '__ci_last_regenerate|i:1572705819;logged_in|a:2:{s:7:\"user_id\";s:1:\"5\";s:12:\"login_status\";b:1;}'),('sr7rep4h717o7ervcq61pl3qjg1lqhqg','127.0.0.1',1572705839,_binary '__ci_last_regenerate|i:1572705839;logged_in|a:2:{s:7:\"user_id\";s:1:\"5\";s:12:\"login_status\";b:1;}'),('ugmsdaqkifv8anhkotts8qjokj23e82b','127.0.0.1',1572705871,_binary '__ci_last_regenerate|i:1572705871;logged_in|a:2:{s:7:\"user_id\";s:1:\"5\";s:12:\"login_status\";b:1;}'),('mccsl1lf6j084f7ahiqiags1mjomirlp','127.0.0.1',1572705888,_binary '__ci_last_regenerate|i:1572705888;logged_in|a:2:{s:7:\"user_id\";s:1:\"5\";s:12:\"login_status\";b:1;}'),('eo6hdm0tj5v07g38jaqd91dpp516aq6k','127.0.0.1',1572705897,_binary '__ci_last_regenerate|i:1572705897;logged_in|a:2:{s:7:\"user_id\";s:1:\"5\";s:12:\"login_status\";b:1;}'),('v9f7r1duoj17627n870k7hrd0rflotg1','127.0.0.1',1572705968,_binary '__ci_last_regenerate|i:1572705968;logged_in|a:2:{s:7:\"user_id\";s:1:\"5\";s:12:\"login_status\";b:1;}'),('6guqhf9af5qc6q28keko6lsjolirkmfs','127.0.0.1',1572705988,_binary '__ci_last_regenerate|i:1572705988;logged_in|a:2:{s:7:\"user_id\";s:1:\"5\";s:12:\"login_status\";b:1;}'),('rbs6odo99o1rd2qr29eg2h7823dthqq8','127.0.0.1',1572706007,_binary '__ci_last_regenerate|i:1572706007;logged_in|a:2:{s:7:\"user_id\";s:1:\"5\";s:12:\"login_status\";b:1;}'),('kevjup93sbdo5trnpne33dujd91tt0pp','127.0.0.1',1572706077,_binary '__ci_last_regenerate|i:1572706077;logged_in|a:2:{s:7:\"user_id\";s:1:\"5\";s:12:\"login_status\";b:1;}'),('ltniljpmisb5epqrst887ctafhv7du41','127.0.0.1',1572706091,_binary '__ci_last_regenerate|i:1572706091;logged_in|a:2:{s:7:\"user_id\";s:1:\"5\";s:12:\"login_status\";b:1;}'),('4ah7sjthu833usvus9h092ijd5gbdmn1','127.0.0.1',1572706100,_binary '__ci_last_regenerate|i:1572706100;logged_in|a:2:{s:7:\"user_id\";s:1:\"5\";s:12:\"login_status\";b:1;}'),('qtgvod5qil87r5roqjumhjcg75ched0j','127.0.0.1',1572706115,_binary '__ci_last_regenerate|i:1572706115;logged_in|a:2:{s:7:\"user_id\";s:1:\"5\";s:12:\"login_status\";b:1;}'),('7io3c0rssid6r95cbmvfv807oapfnu8s','127.0.0.1',1572706123,_binary '__ci_last_regenerate|i:1572706123;logged_in|a:2:{s:7:\"user_id\";s:1:\"5\";s:12:\"login_status\";b:1;}'),('il1gqcinekal93jhhcebrd7vm5lb53aa','127.0.0.1',1572706133,_binary '__ci_last_regenerate|i:1572706133;logged_in|a:2:{s:7:\"user_id\";s:1:\"5\";s:12:\"login_status\";b:1;}'),('tqn4h34arpp6bgnsf8iqn365lo8j5s6g','127.0.0.1',1572706139,_binary '__ci_last_regenerate|i:1572706139;logged_in|a:2:{s:7:\"user_id\";s:1:\"5\";s:12:\"login_status\";b:1;}'),('pk29auim0vsrj56n74mm0kq9m8umku07','127.0.0.1',1572706148,_binary '__ci_last_regenerate|i:1572706148;logged_in|a:2:{s:7:\"user_id\";s:1:\"5\";s:12:\"login_status\";b:1;}'),('8qmo8icnddc4rtitudscb62hvvlktikr','127.0.0.1',1572706155,_binary '__ci_last_regenerate|i:1572706155;logged_in|a:2:{s:7:\"user_id\";s:1:\"5\";s:12:\"login_status\";b:1;}'),('j46n99n8831lhfm8km0u4pdfr3itmvph','127.0.0.1',1572706162,_binary '__ci_last_regenerate|i:1572706162;logged_in|a:2:{s:7:\"user_id\";s:1:\"5\";s:12:\"login_status\";b:1;}'),('2gjml4m9crv9jr6bepr8etng4u9kr4s7','127.0.0.1',1572706420,_binary '__ci_last_regenerate|i:1572706420;logged_in|a:2:{s:7:\"user_id\";s:1:\"5\";s:12:\"login_status\";b:1;}'),('3l4747i3ej6sb085h0gtjote54fi3fcq','127.0.0.1',1572706434,_binary '__ci_last_regenerate|i:1572706434;logged_in|a:2:{s:7:\"user_id\";s:1:\"5\";s:12:\"login_status\";b:1;}'),('aacl7qs28tc562e07vatgp96an4j03ik','127.0.0.1',1572706458,_binary '__ci_last_regenerate|i:1572706458;logged_in|a:2:{s:7:\"user_id\";s:1:\"5\";s:12:\"login_status\";b:1;}'),('b53jdv3f1d19i26jg4m4ke1gauoh23to','127.0.0.1',1572706473,_binary '__ci_last_regenerate|i:1572706473;logged_in|a:2:{s:7:\"user_id\";s:1:\"5\";s:12:\"login_status\";b:1;}'),('ktueuriai50kdqvqio0nv1ev4jg4jr2g','127.0.0.1',1572706695,_binary '__ci_last_regenerate|i:1572706695;logged_in|a:2:{s:7:\"user_id\";s:1:\"5\";s:12:\"login_status\";b:1;}msg_error|s:0:\"\";__ci_vars|a:1:{s:9:\"msg_error\";s:3:\"new\";}'),('p551bjfpsublds5bugtvdu8d7cc6dhdk','127.0.0.1',1572706712,_binary '__ci_last_regenerate|i:1572706712;logged_in|a:2:{s:7:\"user_id\";s:1:\"5\";s:12:\"login_status\";b:1;}msg_error|s:0:\"\";__ci_vars|a:1:{s:9:\"msg_error\";s:3:\"new\";}'),('4gv4ko69kfsvs6ali12ht6m17jgp789c','127.0.0.1',1572706729,_binary '__ci_last_regenerate|i:1572706729;logged_in|a:2:{s:7:\"user_id\";s:1:\"5\";s:12:\"login_status\";b:1;}msg_error|s:0:\"\";__ci_vars|a:1:{s:9:\"msg_error\";s:3:\"new\";}'),('mtfpkqdnbqfk4a0vtiunim7rc04nl2fo','127.0.0.1',1572706814,_binary '__ci_last_regenerate|i:1572706814;logged_in|a:2:{s:7:\"user_id\";s:1:\"5\";s:12:\"login_status\";b:1;}msg_error|s:0:\"\";__ci_vars|a:1:{s:9:\"msg_error\";s:3:\"new\";}'),('ocu276rm2s6h1gq18sfd2dcm93bp6ckd','127.0.0.1',1572706843,_binary '__ci_last_regenerate|i:1572706843;logged_in|a:2:{s:7:\"user_id\";s:1:\"5\";s:12:\"login_status\";b:1;}msg_error|s:0:\"\";__ci_vars|a:1:{s:9:\"msg_error\";s:3:\"new\";}'),('2h50tvipo2ofa0iat11cmk14seahht9a','127.0.0.1',1572706849,_binary '__ci_last_regenerate|i:1572706849;logged_in|a:2:{s:7:\"user_id\";s:1:\"5\";s:12:\"login_status\";b:1;}msg_error|s:0:\"\";__ci_vars|a:1:{s:9:\"msg_error\";s:3:\"new\";}'),('hfolbu4k2ocvgbprukv75cdpmevo4nbf','127.0.0.1',1572706881,_binary '__ci_last_regenerate|i:1572706881;logged_in|a:2:{s:7:\"user_id\";s:1:\"5\";s:12:\"login_status\";b:1;}msg_error|s:0:\"\";__ci_vars|a:1:{s:9:\"msg_error\";s:3:\"old\";}'),('6811dair94ij09hpq8koi8aijki6vdn4','127.0.0.1',1572706888,_binary '__ci_last_regenerate|i:1572706888;logged_in|a:2:{s:7:\"user_id\";s:1:\"5\";s:12:\"login_status\";b:1;}'),('8oa07lokpb6m2btr9re12ui7lrlmmq20','127.0.0.1',1572706896,_binary '__ci_last_regenerate|i:1572706896;logged_in|a:2:{s:7:\"user_id\";s:1:\"5\";s:12:\"login_status\";b:1;}msg_error|s:0:\"\";__ci_vars|a:1:{s:9:\"msg_error\";s:3:\"new\";}'),('tmnd6tqq2heeaiqs6sqns81dfkvb8op6','127.0.0.1',1572706923,_binary '__ci_last_regenerate|i:1572706923;logged_in|a:2:{s:7:\"user_id\";s:1:\"5\";s:12:\"login_status\";b:1;}msg_error|s:0:\"\";__ci_vars|a:1:{s:9:\"msg_error\";s:3:\"old\";}'),('7kisqb5vr9e9sn368j7vppjp58bioduc','127.0.0.1',1572706962,_binary '__ci_last_regenerate|i:1572706962;logged_in|a:2:{s:7:\"user_id\";s:1:\"5\";s:12:\"login_status\";b:1;}msg_error|s:0:\"\";__ci_vars|a:1:{s:9:\"msg_error\";s:3:\"new\";}'),('dubn3ui75qvvfebki9v6r94jqdh8f39k','127.0.0.1',1572707004,_binary '__ci_last_regenerate|i:1572707004;logged_in|a:2:{s:7:\"user_id\";s:1:\"5\";s:12:\"login_status\";b:1;}msg_error|s:0:\"\";__ci_vars|a:1:{s:9:\"msg_error\";s:3:\"new\";}'),('41j8pic88q8mnlfqsbi30l1j46v213rb','127.0.0.1',1572707042,_binary '__ci_last_regenerate|i:1572707042;logged_in|a:2:{s:7:\"user_id\";s:1:\"5\";s:12:\"login_status\";b:1;}msg_error|s:0:\"\";__ci_vars|a:1:{s:9:\"msg_error\";s:3:\"new\";}'),('vscn7l1uhumgrq57skn88sjqb4kvfont','127.0.0.1',1572707153,_binary '__ci_last_regenerate|i:1572707153;logged_in|a:2:{s:7:\"user_id\";s:1:\"5\";s:12:\"login_status\";b:1;}msg_error|s:0:\"\";__ci_vars|a:1:{s:9:\"msg_error\";s:3:\"new\";}'),('jfcgf1jcplacpsejd308ar0frr2f9b8u','127.0.0.1',1572707188,_binary '__ci_last_regenerate|i:1572707188;logged_in|a:2:{s:7:\"user_id\";s:1:\"5\";s:12:\"login_status\";b:1;}msg_error|s:0:\"\";__ci_vars|a:1:{s:9:\"msg_error\";s:3:\"new\";}'),('341a5tlbmkdhi67i8mrg6kcnqf7eb0pn','127.0.0.1',1572707247,_binary '__ci_last_regenerate|i:1572707247;logged_in|a:2:{s:7:\"user_id\";s:1:\"5\";s:12:\"login_status\";b:1;}msg_error|s:0:\"\";__ci_vars|a:1:{s:9:\"msg_error\";s:3:\"old\";}'),('o9j743pojm9qo2h9nvjiha98oqoahb54','127.0.0.1',1572707275,_binary '__ci_last_regenerate|i:1572707275;logged_in|a:2:{s:7:\"user_id\";s:1:\"5\";s:12:\"login_status\";b:1;}msg_error|s:43:\"<p>The post_content field is required.</p>\n\";__ci_vars|a:1:{s:9:\"msg_error\";s:3:\"new\";}'),('g38jmeqf6c4gjbuavgi759509b2ut8ic','127.0.0.1',1572707381,_binary '__ci_last_regenerate|i:1572707381;logged_in|a:2:{s:7:\"user_id\";s:1:\"5\";s:12:\"login_status\";b:1;}msg_error|s:0:\"\";__ci_vars|a:1:{s:9:\"msg_error\";s:3:\"old\";}'),('vi8rvesd1g11913pqg2f02850d72pbg0','127.0.0.1',1572707420,_binary '__ci_last_regenerate|i:1572707420;logged_in|a:2:{s:7:\"user_id\";s:1:\"5\";s:12:\"login_status\";b:1;}msg_error|s:0:\"\";__ci_vars|a:1:{s:9:\"msg_error\";s:3:\"old\";}'),('4g8chuj3bhui25qmc6jf4ksi6m232hbl','127.0.0.1',1572707439,_binary '__ci_last_regenerate|i:1572707439;logged_in|a:2:{s:7:\"user_id\";s:1:\"5\";s:12:\"login_status\";b:1;}msg_error|s:0:\"\";__ci_vars|a:1:{s:9:\"msg_error\";s:3:\"new\";}'),('1428d2jo4qqcrfin0afgq0vqk3sa6opb','127.0.0.1',1572707457,_binary '__ci_last_regenerate|i:1572707457;logged_in|a:2:{s:7:\"user_id\";s:1:\"5\";s:12:\"login_status\";b:1;}__ci_vars|a:2:{s:8:\"msg_noti\";s:3:\"old\";s:9:\"msg_error\";s:3:\"new\";}msg_noti|s:19:\"Success create post\";msg_error|s:0:\"\";'),('54naeruo6snu8tl8cibhd8og58jk50ro','127.0.0.1',1572707590,_binary '__ci_last_regenerate|i:1572707590;logged_in|a:2:{s:7:\"user_id\";s:1:\"5\";s:12:\"login_status\";b:1;}__ci_vars|a:1:{s:9:\"msg_error\";s:3:\"old\";}msg_error|s:0:\"\";'),('1ii5ervdg77sv6b6auf2t7q67gsm0q2b','127.0.0.1',1572707605,_binary '__ci_last_regenerate|i:1572707605;logged_in|a:2:{s:7:\"user_id\";s:1:\"5\";s:12:\"login_status\";b:1;}'),('ef0tnc7dnv1he81qufbf8acn9239aq8e','127.0.0.1',1572707616,_binary '__ci_last_regenerate|i:1572707616;logged_in|a:2:{s:7:\"user_id\";s:1:\"5\";s:12:\"login_status\";b:1;}'),('md0602rj1e2f90160ntr5u5qcsa26fvf','127.0.0.1',1572707633,_binary '__ci_last_regenerate|i:1572707633;logged_in|a:2:{s:7:\"user_id\";s:1:\"5\";s:12:\"login_status\";b:1;}'),('c54i7jvtkj0f1aum1s4mjp2aj0p6jauu','127.0.0.1',1572707746,_binary '__ci_last_regenerate|i:1572707746;logged_in|a:2:{s:7:\"user_id\";s:1:\"5\";s:12:\"login_status\";b:1;}'),('gqc5ngld6ppecpt64uqik0jh7d9fjs6k','127.0.0.1',1572707770,_binary '__ci_last_regenerate|i:1572707770;logged_in|a:2:{s:7:\"user_id\";s:1:\"5\";s:12:\"login_status\";b:1;}'),('mf8ii3ph6pv782ctjhusasmpjk6jud7e','127.0.0.1',1572708197,_binary '__ci_last_regenerate|i:1572708197;logged_in|a:2:{s:7:\"user_id\";s:1:\"5\";s:12:\"login_status\";b:1;}'),('5k1bic17liigcj748gmg1e55qb8ovilt','127.0.0.1',1572708222,_binary '__ci_last_regenerate|i:1572708222;logged_in|a:2:{s:7:\"user_id\";s:1:\"5\";s:12:\"login_status\";b:1;}'),('5228oh6m3i9449bj53ofstq2chpuugq6','127.0.0.1',1572708241,_binary '__ci_last_regenerate|i:1572708241;logged_in|a:2:{s:7:\"user_id\";s:1:\"5\";s:12:\"login_status\";b:1;}'),('d7nbl31v3le0hg05dtghgm4ambelqaf5','127.0.0.1',1572708281,_binary '__ci_last_regenerate|i:1572708281;logged_in|a:2:{s:7:\"user_id\";s:1:\"5\";s:12:\"login_status\";b:1;}'),('c6rlhmk7gi003666gcvllbk805keert9','127.0.0.1',1572708288,_binary '__ci_last_regenerate|i:1572708288;logged_in|a:2:{s:7:\"user_id\";s:1:\"5\";s:12:\"login_status\";b:1;}'),('sutopgcbmhled40jh52idipint1frldq','127.0.0.1',1572708363,_binary '__ci_last_regenerate|i:1572708363;logged_in|a:2:{s:7:\"user_id\";s:1:\"5\";s:12:\"login_status\";b:1;}'),('rkisvh8pm8s6ig8v0uoc1k84j5j6tlcv','127.0.0.1',1572708396,_binary '__ci_last_regenerate|i:1572708396;logged_in|a:2:{s:7:\"user_id\";s:1:\"5\";s:12:\"login_status\";b:1;}'),('d3i4acrihujov5lu8dphuhhcuf6qi5aq','127.0.0.1',1572708414,_binary '__ci_last_regenerate|i:1572708414;logged_in|a:2:{s:7:\"user_id\";s:1:\"5\";s:12:\"login_status\";b:1;}'),('bsffeb89h91r9c4lr6j1af4i1jajj2fo','127.0.0.1',1572708459,_binary '__ci_last_regenerate|i:1572708459;logged_in|a:2:{s:7:\"user_id\";s:1:\"5\";s:12:\"login_status\";b:1;}'),('ns6q81c1vuus5h52vbme34r1d5g91qt8','127.0.0.1',1572708489,_binary '__ci_last_regenerate|i:1572708489;logged_in|a:2:{s:7:\"user_id\";s:1:\"5\";s:12:\"login_status\";b:1;}'),('cglc4p3jov3aa2ob9hhv1qdsk5qh230v','127.0.0.1',1572708506,_binary '__ci_last_regenerate|i:1572708506;logged_in|a:2:{s:7:\"user_id\";s:1:\"5\";s:12:\"login_status\";b:1;}'),('ki9bt085u9018h6rl02r0hcqu7b83eio','127.0.0.1',1572708527,_binary '__ci_last_regenerate|i:1572708527;logged_in|a:2:{s:7:\"user_id\";s:1:\"5\";s:12:\"login_status\";b:1;}'),('68ts1bp09u29qcnd9l31fvm4d3ivt4re','127.0.0.1',1572708632,_binary '__ci_last_regenerate|i:1572708632;logged_in|a:2:{s:7:\"user_id\";s:1:\"5\";s:12:\"login_status\";b:1;}'),('6nrb490vfl6prjqhulr0sdkovtvb51v8','127.0.0.1',1572708643,_binary '__ci_last_regenerate|i:1572708643;logged_in|a:2:{s:7:\"user_id\";s:1:\"5\";s:12:\"login_status\";b:1;}'),('crq9uoht7vq3srovq708qbj6g669l2sb','127.0.0.1',1572708649,_binary '__ci_last_regenerate|i:1572708649;logged_in|a:2:{s:7:\"user_id\";s:1:\"5\";s:12:\"login_status\";b:1;}'),('8f92jdmkms8of7mapqoq5e6fv1ausbh0','127.0.0.1',1572708670,_binary '__ci_last_regenerate|i:1572708670;logged_in|a:2:{s:7:\"user_id\";s:1:\"5\";s:12:\"login_status\";b:1;}'),('02e3a0mhuqcr4ngirqh2qmnulvnddvc5','127.0.0.1',1572708681,_binary '__ci_last_regenerate|i:1572708681;logged_in|a:2:{s:7:\"user_id\";s:1:\"5\";s:12:\"login_status\";b:1;}'),('thua1d5p9at754evqurlhe2lpre8tjfs','127.0.0.1',1572708691,_binary '__ci_last_regenerate|i:1572708691;logged_in|a:2:{s:7:\"user_id\";s:1:\"5\";s:12:\"login_status\";b:1;}'),('7014o6k9c1r5cul9h54o7p7ho6d66qdg','127.0.0.1',1572708701,_binary '__ci_last_regenerate|i:1572708701;logged_in|a:2:{s:7:\"user_id\";s:1:\"5\";s:12:\"login_status\";b:1;}'),('cnv353fi87p6ora0a2lplaai8405tjq9','127.0.0.1',1572708754,_binary '__ci_last_regenerate|i:1572708754;logged_in|a:2:{s:7:\"user_id\";s:1:\"5\";s:12:\"login_status\";b:1;}'),('f6u0o5sgmnjp8a000erh8sdup7cob5dd','127.0.0.1',1572708783,_binary '__ci_last_regenerate|i:1572708783;logged_in|a:2:{s:7:\"user_id\";s:1:\"5\";s:12:\"login_status\";b:1;}'),('i3thgrsth6if399db8pg4ne14p5d0ev6','127.0.0.1',1572708801,_binary '__ci_last_regenerate|i:1572708801;logged_in|a:2:{s:7:\"user_id\";s:1:\"5\";s:12:\"login_status\";b:1;}'),('d3mpk0es136isevbrcvicseshjnabks0','127.0.0.1',1572708837,_binary '__ci_last_regenerate|i:1572708837;logged_in|a:2:{s:7:\"user_id\";s:1:\"5\";s:12:\"login_status\";b:1;}'),('4vd3ehmskhnknlgekhcrspetn7drl6ct','127.0.0.1',1572708854,_binary '__ci_last_regenerate|i:1572708854;logged_in|a:2:{s:7:\"user_id\";s:1:\"5\";s:12:\"login_status\";b:1;}'),('urtvl8n0ue16ect6pph7q26o3g2t6cig','127.0.0.1',1572708862,_binary '__ci_last_regenerate|i:1572708862;logged_in|a:2:{s:7:\"user_id\";s:1:\"5\";s:12:\"login_status\";b:1;}'),('tff9iq0g4tdolcrk63bscj1iqt32tc4j','127.0.0.1',1572708871,_binary '__ci_last_regenerate|i:1572708871;logged_in|a:2:{s:7:\"user_id\";s:1:\"5\";s:12:\"login_status\";b:1;}'),('7vvhskhofifk8ahbdhhrpij9kf2vnn2u','127.0.0.1',1572708882,_binary '__ci_last_regenerate|i:1572708882;logged_in|a:2:{s:7:\"user_id\";s:1:\"5\";s:12:\"login_status\";b:1;}'),('e3rrduta5a872aevb4io3glefofairrl','127.0.0.1',1572708893,_binary '__ci_last_regenerate|i:1572708893;logged_in|a:2:{s:7:\"user_id\";s:1:\"5\";s:12:\"login_status\";b:1;}'),('9f0bshscrusf64m9pm77ctc3inm48j2v','127.0.0.1',1572708899,_binary '__ci_last_regenerate|i:1572708899;logged_in|a:2:{s:7:\"user_id\";s:1:\"5\";s:12:\"login_status\";b:1;}'),('j384cgfo5fav6afk7u5brcqajol6lfn7','127.0.0.1',1572708909,_binary '__ci_last_regenerate|i:1572708909;logged_in|a:2:{s:7:\"user_id\";s:1:\"5\";s:12:\"login_status\";b:1;}'),('k3i1purduf54f04303grtpv8iseke8f8','127.0.0.1',1572708938,_binary '__ci_last_regenerate|i:1572708938;logged_in|a:2:{s:7:\"user_id\";s:1:\"5\";s:12:\"login_status\";b:1;}'),('s02f5d900n83baa2s9f0kbmht65eafjj','127.0.0.1',1572708949,_binary '__ci_last_regenerate|i:1572708949;logged_in|a:2:{s:7:\"user_id\";s:1:\"5\";s:12:\"login_status\";b:1;}'),('tu19epm1s7hlpft7blt4as2rkbo8i6ff','127.0.0.1',1572709066,_binary '__ci_last_regenerate|i:1572709066;logged_in|a:2:{s:7:\"user_id\";s:1:\"5\";s:12:\"login_status\";b:1;}'),('edjhjcusg8k2v3pulmfouju3h82us54j','127.0.0.1',1572709208,_binary '__ci_last_regenerate|i:1572709208;logged_in|a:2:{s:7:\"user_id\";s:1:\"5\";s:12:\"login_status\";b:1;}'),('131m504h4f4ng3vvk1fuqse0drepe1u2','127.0.0.1',1572709229,_binary '__ci_last_regenerate|i:1572709229;logged_in|a:2:{s:7:\"user_id\";s:1:\"5\";s:12:\"login_status\";b:1;}msg_error|s:0:\"\";__ci_vars|a:1:{s:9:\"msg_error\";s:3:\"old\";}'),('rrhi3f6cbifoolpmlq76tkdnnaioova2','127.0.0.1',1572709265,_binary '__ci_last_regenerate|i:1572709265;logged_in|a:2:{s:7:\"user_id\";s:1:\"5\";s:12:\"login_status\";b:1;}'),('2m6l6ksq3cbkg37oa930cipj4ds8pgg2','127.0.0.1',1572709282,_binary '__ci_last_regenerate|i:1572709282;logged_in|a:2:{s:7:\"user_id\";s:1:\"5\";s:12:\"login_status\";b:1;}'),('hb3584etuglbjtql4kqpfaaf3sfmboph','127.0.0.1',1572709289,_binary '__ci_last_regenerate|i:1572709289;logged_in|a:2:{s:7:\"user_id\";s:1:\"5\";s:12:\"login_status\";b:1;}'),('4gb5a1i7dvc7tcperu7hdef49oogk2p3','127.0.0.1',1572709344,_binary '__ci_last_regenerate|i:1572709344;logged_in|a:2:{s:7:\"user_id\";s:1:\"5\";s:12:\"login_status\";b:1;}'),('tlftddmtpra95psdhmihlo0oht8h76kn','127.0.0.1',1572709399,_binary '__ci_last_regenerate|i:1572709399;logged_in|a:2:{s:7:\"user_id\";s:1:\"5\";s:12:\"login_status\";b:1;}'),('ptkml9ivt98mlelq7b9972c8sem1lm4d','127.0.0.1',1572709438,_binary '__ci_last_regenerate|i:1572709438;logged_in|a:2:{s:7:\"user_id\";s:1:\"5\";s:12:\"login_status\";b:1;}'),('hmpip1mjc9klkuc6pffv0qk4p5kf5gdp','127.0.0.1',1572709445,_binary '__ci_last_regenerate|i:1572709445;logged_in|a:2:{s:7:\"user_id\";s:1:\"5\";s:12:\"login_status\";b:1;}'),('35hauu0su204vq4j57418m6eu84stjjq','127.0.0.1',1572709491,_binary '__ci_last_regenerate|i:1572709491;logged_in|a:2:{s:7:\"user_id\";s:1:\"5\";s:12:\"login_status\";b:1;}'),('f1av3bv2lqlhb33iepb6k41ucnqmeo9n','127.0.0.1',1572709518,_binary '__ci_last_regenerate|i:1572709518;logged_in|a:2:{s:7:\"user_id\";s:1:\"5\";s:12:\"login_status\";b:1;}'),('m7kn8rpgmsrjl8vlar7bum8me5uqbpl6','127.0.0.1',1572709527,_binary '__ci_last_regenerate|i:1572709527;logged_in|a:2:{s:7:\"user_id\";s:1:\"5\";s:12:\"login_status\";b:1;}'),('u0358afo58j27o0t79sgu4tmc9j34da1','127.0.0.1',1572709547,_binary '__ci_last_regenerate|i:1572709547;logged_in|a:2:{s:7:\"user_id\";s:1:\"5\";s:12:\"login_status\";b:1;}'),('b7ro4humdier3rigcbsfu03ujvggl2sl','127.0.0.1',1572709621,_binary '__ci_last_regenerate|i:1572709621;logged_in|a:2:{s:7:\"user_id\";s:1:\"5\";s:12:\"login_status\";b:1;}'),('m6cfnq75prggp55vcttfgtrp098rmm2d','127.0.0.1',1572709627,_binary '__ci_last_regenerate|i:1572709627;logged_in|a:2:{s:7:\"user_id\";s:1:\"5\";s:12:\"login_status\";b:1;}'),('1i9nam1e885bgri381bbcqvd5lh6d9v3','127.0.0.1',1572709646,_binary '__ci_last_regenerate|i:1572709646;logged_in|a:2:{s:7:\"user_id\";s:1:\"5\";s:12:\"login_status\";b:1;}'),('btq8q34lcsckanhlbkbv40lolhaqdq12','127.0.0.1',1572709653,_binary '__ci_last_regenerate|i:1572709653;logged_in|a:2:{s:7:\"user_id\";s:1:\"5\";s:12:\"login_status\";b:1;}'),('l1avav8orsladfqcl52scr0gd99oj4id','127.0.0.1',1572709666,_binary '__ci_last_regenerate|i:1572709666;logged_in|a:2:{s:7:\"user_id\";s:1:\"5\";s:12:\"login_status\";b:1;}'),('bagbvpko209asr6a3a51a9206vufjped','127.0.0.1',1572709673,_binary '__ci_last_regenerate|i:1572709673;logged_in|a:2:{s:7:\"user_id\";s:1:\"5\";s:12:\"login_status\";b:1;}'),('vf04ch3hm1olmhg3147jsgqiomqcv4s5','127.0.0.1',1572709685,_binary '__ci_last_regenerate|i:1572709685;logged_in|a:2:{s:7:\"user_id\";s:1:\"5\";s:12:\"login_status\";b:1;}'),('q9u47rgvpq1cp7d2nte6827c5s7oehre','127.0.0.1',1572709694,_binary '__ci_last_regenerate|i:1572709694;logged_in|a:2:{s:7:\"user_id\";s:1:\"5\";s:12:\"login_status\";b:1;}'),('tedf24aq51a74p2dccvkrdv84jna1co5','127.0.0.1',1572709714,_binary '__ci_last_regenerate|i:1572709714;logged_in|a:2:{s:7:\"user_id\";s:1:\"5\";s:12:\"login_status\";b:1;}'),('njlsg53qfqujacevomfji4n0i0qve73j','127.0.0.1',1572709768,_binary '__ci_last_regenerate|i:1572709768;logged_in|a:2:{s:7:\"user_id\";s:1:\"5\";s:12:\"login_status\";b:1;}'),('7oeu05g8068icadskna9q29s222n8e3u','127.0.0.1',1572709783,_binary '__ci_last_regenerate|i:1572709783;logged_in|a:2:{s:7:\"user_id\";s:1:\"5\";s:12:\"login_status\";b:1;}'),('2oca7itp3ujre1fp1n5aef2h7dlka1fq','127.0.0.1',1572709805,_binary '__ci_last_regenerate|i:1572709805;logged_in|a:2:{s:7:\"user_id\";s:1:\"5\";s:12:\"login_status\";b:1;}'),('7p71hcakl4kdp3egm7pvbujfldjk0ioo','127.0.0.1',1572709824,_binary '__ci_last_regenerate|i:1572709824;logged_in|a:2:{s:7:\"user_id\";s:1:\"5\";s:12:\"login_status\";b:1;}'),('eukk8cpfpqkljn3h7kdq153qcms7283v','127.0.0.1',1572709833,_binary '__ci_last_regenerate|i:1572709833;logged_in|a:2:{s:7:\"user_id\";s:1:\"5\";s:12:\"login_status\";b:1;}'),('1jnh5g31hskqbnpvro88eq5i8b09vjem','127.0.0.1',1572709839,_binary '__ci_last_regenerate|i:1572709839;logged_in|a:2:{s:7:\"user_id\";s:1:\"5\";s:12:\"login_status\";b:1;}'),('6fssdgt9og08ct0setijejq0n4vc7jpv','127.0.0.1',1572709846,_binary '__ci_last_regenerate|i:1572709846;logged_in|a:2:{s:7:\"user_id\";s:1:\"5\";s:12:\"login_status\";b:1;}'),('9s9m839qiboaijau78c4om5ik4u0g9d0','127.0.0.1',1572709863,_binary '__ci_last_regenerate|i:1572709863;logged_in|a:2:{s:7:\"user_id\";s:1:\"5\";s:12:\"login_status\";b:1;}'),('ok0nghrdromumgu58v9rnkh6m6s404br','127.0.0.1',1572709870,_binary '__ci_last_regenerate|i:1572709870;logged_in|a:2:{s:7:\"user_id\";s:1:\"5\";s:12:\"login_status\";b:1;}'),('3e3ftpdp5n231l2mf30j00ccfqddpfsl','127.0.0.1',1572709877,_binary '__ci_last_regenerate|i:1572709877;logged_in|a:2:{s:7:\"user_id\";s:1:\"5\";s:12:\"login_status\";b:1;}'),('oqen9h7fnrpd5ae1k7pkt02o2p5vtun6','127.0.0.1',1572709885,_binary '__ci_last_regenerate|i:1572709885;logged_in|a:2:{s:7:\"user_id\";s:1:\"5\";s:12:\"login_status\";b:1;}'),('2t3t8fhbsml6aj1787dut3ns7ck1t6bu','127.0.0.1',1572709907,_binary '__ci_last_regenerate|i:1572709907;logged_in|a:2:{s:7:\"user_id\";s:1:\"5\";s:12:\"login_status\";b:1;}'),('o2btd5c1i1utreg5e6unv2ctrc6hjenc','127.0.0.1',1572709923,_binary '__ci_last_regenerate|i:1572709923;logged_in|a:2:{s:7:\"user_id\";s:1:\"5\";s:12:\"login_status\";b:1;}'),('f9lija912bdmal6t3lbklhaocv00cab6','127.0.0.1',1572709939,_binary '__ci_last_regenerate|i:1572709939;logged_in|a:2:{s:7:\"user_id\";s:1:\"5\";s:12:\"login_status\";b:1;}'),('6974aockl6olbsnedne3p6r1idaobg00','127.0.0.1',1572709991,_binary '__ci_last_regenerate|i:1572709991;logged_in|a:2:{s:7:\"user_id\";s:1:\"5\";s:12:\"login_status\";b:1;}'),('2lf87kiurkuferouknejtrlt3ig00s71','127.0.0.1',1572710017,_binary '__ci_last_regenerate|i:1572710017;logged_in|a:2:{s:7:\"user_id\";s:1:\"5\";s:12:\"login_status\";b:1;}'),('lt90fibddb7f1v52f67cd4ddegmg6d5g','127.0.0.1',1572710562,_binary '__ci_last_regenerate|i:1572710562;logged_in|a:2:{s:7:\"user_id\";s:1:\"5\";s:12:\"login_status\";b:1;}'),('obufc01ru26joj8cnte0bgga70k3pfl8','127.0.0.1',1572710791,_binary '__ci_last_regenerate|i:1572710791;logged_in|a:2:{s:7:\"user_id\";s:1:\"5\";s:12:\"login_status\";b:1;}'),('uus3p75nhhqnng66lk2nmjdcdamu894d','127.0.0.1',1572710799,_binary '__ci_last_regenerate|i:1572710799;logged_in|a:2:{s:7:\"user_id\";s:1:\"5\";s:12:\"login_status\";b:1;}'),('82mlebm58ddnoib5ka1b8kttnh3863mc','127.0.0.1',1572710811,_binary '__ci_last_regenerate|i:1572710811;logged_in|a:2:{s:7:\"user_id\";s:1:\"5\";s:12:\"login_status\";b:1;}'),('l7ktuv4a29m8pb5bjgqmtgvfu5t343fq','127.0.0.1',1572710841,_binary '__ci_last_regenerate|i:1572710841;logged_in|a:2:{s:7:\"user_id\";s:1:\"5\";s:12:\"login_status\";b:1;}'),('pul1ajr4d125fkqu05m28q0r2isnrcbo','127.0.0.1',1572710851,_binary '__ci_last_regenerate|i:1572710851;logged_in|a:2:{s:7:\"user_id\";s:1:\"5\";s:12:\"login_status\";b:1;}'),('7qd6vh73bfvi0b3p3l9rccp6k7shqa8g','127.0.0.1',1572710859,_binary '__ci_last_regenerate|i:1572710859;logged_in|a:2:{s:7:\"user_id\";s:1:\"5\";s:12:\"login_status\";b:1;}'),('lpup0hi8l3nbqjfk3t07n9h25q6ers95','127.0.0.1',1572710950,_binary '__ci_last_regenerate|i:1572710950;logged_in|a:2:{s:7:\"user_id\";s:1:\"5\";s:12:\"login_status\";b:1;}'),('3aetke47hinhh5gtv3vnbdj2k118u4oi','127.0.0.1',1572711003,_binary '__ci_last_regenerate|i:1572711003;logged_in|a:2:{s:7:\"user_id\";s:1:\"5\";s:12:\"login_status\";b:1;}msg_error|s:0:\"\";__ci_vars|a:1:{s:9:\"msg_error\";s:3:\"new\";}'),('fmm4kpnj5bk0jg53l61cmme559tatjgi','127.0.0.1',1572711097,_binary '__ci_last_regenerate|i:1572711097;logged_in|a:2:{s:7:\"user_id\";s:1:\"5\";s:12:\"login_status\";b:1;}msg_error|s:0:\"\";__ci_vars|a:1:{s:9:\"msg_error\";s:3:\"old\";}'),('82o3m8nlv1tp4oearsdb5jarbug3pjfv','127.0.0.1',1572711159,_binary '__ci_last_regenerate|i:1572711159;logged_in|a:2:{s:7:\"user_id\";s:1:\"5\";s:12:\"login_status\";b:1;}'),('srgmb6nu59vrc48iduotercgjk40cua9','127.0.0.1',1572711259,_binary '__ci_last_regenerate|i:1572711259;logged_in|a:2:{s:7:\"user_id\";s:1:\"5\";s:12:\"login_status\";b:1;}'),('hv4qop7qso92p4mevm75o199vc17qjls','127.0.0.1',1572711284,_binary '__ci_last_regenerate|i:1572711284;logged_in|a:2:{s:7:\"user_id\";s:1:\"5\";s:12:\"login_status\";b:1;}'),('6kts40fanqe6piusc0lepa855vo2bj4c','127.0.0.1',1572711297,_binary '__ci_last_regenerate|i:1572711297;logged_in|a:2:{s:7:\"user_id\";s:1:\"5\";s:12:\"login_status\";b:1;}'),('im6g4uqstjkd1ldsd89oa3nnhtm1tbcs','127.0.0.1',1572711348,_binary '__ci_last_regenerate|i:1572711348;logged_in|a:2:{s:7:\"user_id\";s:1:\"5\";s:12:\"login_status\";b:1;}'),('g4hte3skjq0hgjjssdjua72kdj1thdo3','127.0.0.1',1572711369,_binary '__ci_last_regenerate|i:1572711369;logged_in|a:2:{s:7:\"user_id\";s:1:\"5\";s:12:\"login_status\";b:1;}'),('kjohbb8pbqp51aii7clamkf49nmogkjg','127.0.0.1',1572711380,_binary '__ci_last_regenerate|i:1572711380;logged_in|a:2:{s:7:\"user_id\";s:1:\"5\";s:12:\"login_status\";b:1;}'),('e117k3mt9kkuue71pfm8drfv192qgue7','127.0.0.1',1572711396,_binary '__ci_last_regenerate|i:1572711396;logged_in|a:2:{s:7:\"user_id\";s:1:\"5\";s:12:\"login_status\";b:1;}'),('jp0t1mj8fjv6vimi532kna4b1hegnuni','127.0.0.1',1572711406,_binary '__ci_last_regenerate|i:1572711406;logged_in|a:2:{s:7:\"user_id\";s:1:\"5\";s:12:\"login_status\";b:1;}'),('755bsbmrbe5j1k5ifr47nubckesi78d1','127.0.0.1',1572711499,_binary '__ci_last_regenerate|i:1572711499;logged_in|a:2:{s:7:\"user_id\";s:1:\"5\";s:12:\"login_status\";b:1;}'),('r676rhdjlhu1u2g8hv05pl3262qfr84n','127.0.0.1',1572711526,_binary '__ci_last_regenerate|i:1572711526;logged_in|a:2:{s:7:\"user_id\";s:1:\"5\";s:12:\"login_status\";b:1;}'),('6d27klor0cf8f5424cqce32528hqa465','127.0.0.1',1572711541,_binary '__ci_last_regenerate|i:1572711541;logged_in|a:2:{s:7:\"user_id\";s:1:\"5\";s:12:\"login_status\";b:1;}'),('70ioqgdshfc8dnohq0277lo7kuk97c32','127.0.0.1',1572711552,_binary '__ci_last_regenerate|i:1572711552;logged_in|a:2:{s:7:\"user_id\";s:1:\"5\";s:12:\"login_status\";b:1;}'),('oqh6m3q463jbvovv21thdae2943varb5','127.0.0.1',1572711572,_binary '__ci_last_regenerate|i:1572711572;logged_in|a:2:{s:7:\"user_id\";s:1:\"5\";s:12:\"login_status\";b:1;}'),('cbn7p03a5te173qqlhtt0a188i1r5iop','127.0.0.1',1572712185,_binary '__ci_last_regenerate|i:1572712185;logged_in|a:2:{s:7:\"user_id\";s:1:\"5\";s:12:\"login_status\";b:1;}'),('pne2r9hrhgccrrtos919953fjfhlcvjn','127.0.0.1',1572712192,_binary '__ci_last_regenerate|i:1572712192;logged_in|a:2:{s:7:\"user_id\";s:1:\"5\";s:12:\"login_status\";b:1;}'),('ft7nd5bsuqcr6n65rtstfas5efb486f4','127.0.0.1',1572712198,_binary '__ci_last_regenerate|i:1572712198;logged_in|a:2:{s:7:\"user_id\";s:1:\"5\";s:12:\"login_status\";b:1;}'),('s2d5e3hr5rcpm4n3qo1ikomg335uec90','127.0.0.1',1572712205,_binary '__ci_last_regenerate|i:1572712205;logged_in|a:2:{s:7:\"user_id\";s:1:\"5\";s:12:\"login_status\";b:1;}msg_error|s:0:\"\";__ci_vars|a:1:{s:9:\"msg_error\";s:3:\"new\";}'),('v34nqjio21tm1l86td32p7a2t0f0sp4q','127.0.0.1',1572712216,_binary '__ci_last_regenerate|i:1572712216;__ci_vars|a:1:{s:8:\"msg_noti\";s:3:\"old\";}msg_noti|s:18:\"Successfuly Logout\";'),('qgfpnf6vknpehl0ulgst2l1sso6d21ei','127.0.0.1',1572712247,_binary '__ci_last_regenerate|i:1572712247;'),('gjdqj33tedcujctgmbs6a51l185s3adt','127.0.0.1',1572712288,_binary '__ci_last_regenerate|i:1572712288;'),('m4fl6ht04ep3m6prgkfn7l89apt545un','127.0.0.1',1572712294,_binary '__ci_last_regenerate|i:1572712294;'),('sgn938h96k3fli13ih0q5daq5k2ht8s3','127.0.0.1',1572712300,_binary '__ci_last_regenerate|i:1572712300;'),('d3svk97kn9895e275vtp1hkglqb6v8qv','127.0.0.1',1572712358,_binary '__ci_last_regenerate|i:1572712358;'),('08nv5gc3glhg9cc5lcc7be5kkf376rt3','127.0.0.1',1572712759,_binary '__ci_last_regenerate|i:1572712759;'),('4c9t8sr0l3r3kh070dqn3qrntmah9t9m','127.0.0.1',1572713147,_binary '__ci_last_regenerate|i:1572713147;'),('tp67jdfe715lasq22e8ja045hebd7n6t','127.0.0.1',1572713765,_binary '__ci_last_regenerate|i:1572713765;'),('7fa5vqangje1cjpgqa4ndq62uetff0s9','127.0.0.1',1572713817,_binary '__ci_last_regenerate|i:1572713817;'),('b6cv6reobio1ntsh0qt19otm9rbh6f9k','127.0.0.1',1572713944,_binary '__ci_last_regenerate|i:1572713944;'),('nv0bd9qf46nhpnrjv2uno6slt867bcpb','127.0.0.1',1572714046,_binary '__ci_last_regenerate|i:1572714046;'),('kdmj5udtrtkcec641qjh034f3bcia9pd','127.0.0.1',1572714102,_binary '__ci_last_regenerate|i:1572714102;'),('l00dsc0sgf3a9vgl3ftu14am9g47ui5m','127.0.0.1',1572714167,_binary '__ci_last_regenerate|i:1572714167;'),('4ceso875bh6gtff6hdm1dasgvk1u6kkp','127.0.0.1',1572714261,_binary '__ci_last_regenerate|i:1572714261;'),('dhald5spm0cd9uvqd31sv8cp62v8dp62','127.0.0.1',1572714298,_binary '__ci_last_regenerate|i:1572714298;'),('kl8tb61kqglf0p03v4njc6hmqomcs47g','127.0.0.1',1572714632,_binary '__ci_last_regenerate|i:1572714632;'),('kdh63v7gm3oo6pmd6u4s71psoui53aaq','127.0.0.1',1572714704,_binary '__ci_last_regenerate|i:1572714704;'),('8bcfrb77vejtb31f43ete6gl9rh2d93g','127.0.0.1',1572714711,_binary '__ci_last_regenerate|i:1572714711;'),('bm47gtna2smu2tj2gtmq88dp1rund9dv','127.0.0.1',1572714809,_binary '__ci_last_regenerate|i:1572714809;'),('dk6en5kc185t785cihh1rp5f583vt0pi','127.0.0.1',1572714955,_binary '__ci_last_regenerate|i:1572714955;'),('vcusgllbjp9706glvn9m2vo8nuaa4iiu','127.0.0.1',1572714978,_binary '__ci_last_regenerate|i:1572714978;'),('bgj5qmcjlagaran6kj4ftdjvreeds0j6','127.0.0.1',1572715143,_binary '__ci_last_regenerate|i:1572715143;'),('rmm801j1ngudeaiui8pag4rk548egd12','127.0.0.1',1572715154,_binary '__ci_last_regenerate|i:1572715154;'),('p56uqcicfol69gvmcp9s6c8ouvoo3d74','127.0.0.1',1572715515,_binary '__ci_last_regenerate|i:1572715515;'),('ato9ubiavfeptad2fnft1jug43d6t4tq','127.0.0.1',1572715550,_binary '__ci_last_regenerate|i:1572715550;'),('8ovrmcirn84cilac9rhskmrmn5312lhi','127.0.0.1',1572716592,_binary '__ci_last_regenerate|i:1572716592;'),('4gqbirqjfh0lrrrmpj86hn1ntl2ts11m','127.0.0.1',1572717110,_binary '__ci_last_regenerate|i:1572717110;'),('p769ala67u8npjfdc8n8231km31pje35','127.0.0.1',1572717245,_binary '__ci_last_regenerate|i:1572717245;'),('lgel2llvm4ciob0kbdpitqd12aaru9ps','127.0.0.1',1572717304,_binary '__ci_last_regenerate|i:1572717304;'),('s2770fdrm8gjlkmf57odeas6ta7jeqog','127.0.0.1',1572717311,_binary '__ci_last_regenerate|i:1572717311;'),('0ev87774cvd0ko8gbhkmvpns6hr8360v','127.0.0.1',1572717429,_binary '__ci_last_regenerate|i:1572717429;'),('02vvncge45pps5rn0pmqgd47ffc0pk2l','127.0.0.1',1572717478,_binary '__ci_last_regenerate|i:1572717478;'),('tsnuv97f7dor8dsdr4uga35b4s7k7dqa','127.0.0.1',1572717508,_binary '__ci_last_regenerate|i:1572717508;'),('bv2fj94k7lruiusfbs14751ggep5vl6r','127.0.0.1',1572717662,_binary '__ci_last_regenerate|i:1572717662;'),('q7d4iudjoep0qll3eelrg2lopd7bjmo4','127.0.0.1',1572717790,_binary '__ci_last_regenerate|i:1572717790;'),('tmqa8dbai66gon9g1b4t6dgi3urh2ol2','127.0.0.1',1572717826,_binary '__ci_last_regenerate|i:1572717826;'),('mid7q76gu0vai8bg6cndt62lsut1mrio','127.0.0.1',1572717841,_binary '__ci_last_regenerate|i:1572717841;'),('o8do2r61t15jg02r1o0o5d5r8d0tdu55','127.0.0.1',1572717900,_binary '__ci_last_regenerate|i:1572717900;'),('sjo0b75ltbec1t09jop9vapl9euuni4h','127.0.0.1',1572717917,_binary '__ci_last_regenerate|i:1572717917;'),('87i2s2lg3r04suo3ib4r1te6amvr11ug','127.0.0.1',1572717924,_binary '__ci_last_regenerate|i:1572717924;'),('6odvktt8vv9ggmn3vvs1kq3c8ch6fdjs','127.0.0.1',1572717932,_binary '__ci_last_regenerate|i:1572717932;'),('noolfrbjo8fgmhf6enilur7leleualm2','127.0.0.1',1572717941,_binary '__ci_last_regenerate|i:1572717941;'),('o8o0t7b765e2rv48fk70mk6qs6fpl5j7','127.0.0.1',1572718316,_binary '__ci_last_regenerate|i:1572718316;'),('oc85ftb5cnq1vuf8uuu2pkrk7v6iaqd8','127.0.0.1',1572718360,_binary '__ci_last_regenerate|i:1572718360;'),('qnnaed3ljfcnimrd2r93c86p7kj9eu5b','127.0.0.1',1572718372,_binary '__ci_last_regenerate|i:1572718372;'),('ft77h2avmimepmadestat0kfnkq5glks','127.0.0.1',1572718384,_binary '__ci_last_regenerate|i:1572718384;'),('j0trc8sd2ggntiae1imdp8ggn2nso9cm','127.0.0.1',1572718398,_binary '__ci_last_regenerate|i:1572718398;'),('41534829db886kc298gqk881mlds418n','127.0.0.1',1572718432,_binary '__ci_last_regenerate|i:1572718432;'),('p04u1eopssljci9rq0i2ieg79tbguub1','127.0.0.1',1572718444,_binary '__ci_last_regenerate|i:1572718444;'),('ftbt0blb6cuhglf9e6ekh5op9tv59ire','127.0.0.1',1572718456,_binary '__ci_last_regenerate|i:1572718456;'),('e7r3rv9q77sah0e2j4jaktlj98t1jm6d','127.0.0.1',1572718466,_binary '__ci_last_regenerate|i:1572718466;'),('vbf10jq31b1h1em8oqskdmkd1d03b893','127.0.0.1',1572718482,_binary '__ci_last_regenerate|i:1572718482;'),('dkegq4ai336fu4suftkid0lif6pnemi2','127.0.0.1',1572718664,_binary '__ci_last_regenerate|i:1572718664;'),('i8k9o753rgac8cdisb2inkbq072578el','127.0.0.1',1572718673,_binary '__ci_last_regenerate|i:1572718673;'),('kjuc3aqsoq0ubjk3921gvs2psod2sjg0','127.0.0.1',1572718683,_binary '__ci_last_regenerate|i:1572718683;'),('5ljbqhfeocich9dl6n7fbgp3s8r5q4nk','127.0.0.1',1572718697,_binary '__ci_last_regenerate|i:1572718697;'),('s8pmeoj7a9qpu6iarbh7185h3d8ofvd9','127.0.0.1',1572718789,_binary '__ci_last_regenerate|i:1572718789;'),('t3heu82g6ea6170ht6j3sf09lr3893n8','127.0.0.1',1572718807,_binary '__ci_last_regenerate|i:1572718807;'),('0jr9c3ad14h08ud8sca1ui2ouue39r8a','127.0.0.1',1572718838,_binary '__ci_last_regenerate|i:1572718838;'),('2e6e1lq8smq4p923cr80cq6amh37jeks','127.0.0.1',1572718878,_binary '__ci_last_regenerate|i:1572718878;'),('vtluv9i3ofgrietgdru3h99n2798tec9','127.0.0.1',1572719005,_binary '__ci_last_regenerate|i:1572719005;'),('j3clu7scgit25lqkumt7q37vs9b0hb8p','127.0.0.1',1572719205,_binary '__ci_last_regenerate|i:1572719205;'),('mda0365ki68v88r3k4vu87ggeces2i6i','127.0.0.1',1572719313,_binary '__ci_last_regenerate|i:1572719313;'),('vf2p7qni59br23clislr8ihqd8pd71r3','127.0.0.1',1572719332,_binary '__ci_last_regenerate|i:1572719332;'),('0nhh8si027rd7l6ad9i3ml597bo9u8i6','127.0.0.1',1572719352,_binary '__ci_last_regenerate|i:1572719352;'),('qem4afosjhv9m770d9a48l7q1ki76q34','127.0.0.1',1572719368,_binary '__ci_last_regenerate|i:1572719368;'),('p66eo5fvdb272aqhkcvbpoc0fiak1p6q','127.0.0.1',1572719672,_binary '__ci_last_regenerate|i:1572719672;'),('7fbu94ekt8ps2eo3p1h515ni87705jbr','127.0.0.1',1572719761,_binary '__ci_last_regenerate|i:1572719761;'),('e1ofsapo6a2rrn7mgg2emcd13r2j55el','127.0.0.1',1572721115,_binary '__ci_last_regenerate|i:1572721115;'),('e6pi8jalb30d6tk4rkr0hkvi0vd0rlsk','127.0.0.1',1572721428,_binary '__ci_last_regenerate|i:1572721428;'),('6a4l1suvqk5iq0d1b51nnfc8rbva9rql','127.0.0.1',1572721453,_binary '__ci_last_regenerate|i:1572721453;'),('k6is6kvpg90uohe58je7subok0e1sohn','127.0.0.1',1572721469,_binary '__ci_last_regenerate|i:1572721469;'),('r1jqupi285lo2tb2eq59l119ite1vb9b','127.0.0.1',1572721479,_binary '__ci_last_regenerate|i:1572721479;'),('4kbom5ks0qdrcpj6c6ih13qjt7isjv85','127.0.0.1',1572721499,_binary '__ci_last_regenerate|i:1572721499;'),('l0nkba3k2iln09ccf9cog9ge5dukjdtn','127.0.0.1',1572721513,_binary '__ci_last_regenerate|i:1572721513;'),('do5kusmflbfn47ujb94fh2hp5dt80j40','127.0.0.1',1572721978,_binary '__ci_last_regenerate|i:1572721978;'),('gqq1u60r1b4a6vd4odgecl3ouo71s7nr','127.0.0.1',1572722232,_binary '__ci_last_regenerate|i:1572722232;'),('jmprb3rbfeiicg23imm27u0oh66cl43b','127.0.0.1',1572722250,_binary '__ci_last_regenerate|i:1572722250;'),('3hg7dao81f31uufb48h427c364288cub','127.0.0.1',1572722381,_binary '__ci_last_regenerate|i:1572722381;'),('bhc3eg34cfv51mg983sdquetfp2b7svn','127.0.0.1',1572722409,_binary '__ci_last_regenerate|i:1572722409;'),('kduvjb4v80rgeo668aib5nmof9nj04au','127.0.0.1',1572722426,_binary '__ci_last_regenerate|i:1572722426;'),('iuoujfvlhdd31e2ujdpotp0osffhn8qf','127.0.0.1',1572722560,_binary '__ci_last_regenerate|i:1572722560;'),('6coa0u088e4al2h8us6308brll2u7uqe','127.0.0.1',1572722571,_binary '__ci_last_regenerate|i:1572722571;'),('kaaoa25khjmcoadmc0b54bqd4dpe9guo','127.0.0.1',1572722663,_binary '__ci_last_regenerate|i:1572722663;'),('mucsuqv2gv77lgvj7r6qi3cjcarvk18d','127.0.0.1',1572722732,_binary '__ci_last_regenerate|i:1572722732;'),('lvpguqahtd4vb24ot5p109ouomeu8iqp','127.0.0.1',1572723111,_binary '__ci_last_regenerate|i:1572723111;'),('ar28lrs60teke0iifudi314jogpept55','127.0.0.1',1572723242,_binary '__ci_last_regenerate|i:1572723242;'),('5bfgth0gquguhkirk7upu225nf6btvcs','127.0.0.1',1572723248,_binary '__ci_last_regenerate|i:1572723248;'),('kmmfo2m3i2oqk1faj3goik35dop1fu16','127.0.0.1',1572723662,_binary '__ci_last_regenerate|i:1572723662;'),('in3f5d9eitm7je9k0ch05do98i6150u6','127.0.0.1',1572723678,_binary '__ci_last_regenerate|i:1572723678;'),('bmic6hd04ls5pddncu7hjvstb7v4esml','127.0.0.1',1572723691,_binary '__ci_last_regenerate|i:1572723691;'),('gvgti1gjkp4gklhr94kh3uk6gh4h0f57','127.0.0.1',1572723703,_binary '__ci_last_regenerate|i:1572723703;'),('6q7hd0rtbiiqp4v1u2u6bsaic5e9r37m','127.0.0.1',1572723714,_binary '__ci_last_regenerate|i:1572723714;'),('cu30kdjha712e3hmg27kk3oso5d5dchj','127.0.0.1',1572723748,_binary '__ci_last_regenerate|i:1572723748;'),('tg3neqv9rnau85lt5n2c3hr1rk59b89a','127.0.0.1',1572723758,_binary '__ci_last_regenerate|i:1572723758;'),('964q8mg896665thk308e0gq0invns1ri','127.0.0.1',1572723822,_binary '__ci_last_regenerate|i:1572723822;'),('230p25dpb4pgben4lmleo7f7t4ns6rkf','127.0.0.1',1572723879,_binary '__ci_last_regenerate|i:1572723879;'),('ogtlenoslnhebpcel5u25tq28509u4vg','127.0.0.1',1572723885,_binary '__ci_last_regenerate|i:1572723885;'),('0lo4evilbl9oiopqoqaoar9vp96r15ei','127.0.0.1',1572724159,_binary '__ci_last_regenerate|i:1572724159;'),('gl4acmmce9tsc513ubsks5pndvstgglp','127.0.0.1',1572724167,_binary '__ci_last_regenerate|i:1572724167;'),('dilj8ajtp10ndm8ehmfs2inm8s500etk','127.0.0.1',1572724310,_binary '__ci_last_regenerate|i:1572724310;'),('3ekptqatvrhjp4cbajkdn6hts2271f2s','127.0.0.1',1572724318,_binary '__ci_last_regenerate|i:1572724318;'),('hsi1otha9i9e7kvv9vj6t9h0djvv705m','127.0.0.1',1572724325,_binary '__ci_last_regenerate|i:1572724325;'),('i8ktaanmi2hor2mc13qmphbi08cvsqbf','127.0.0.1',1572725019,_binary '__ci_last_regenerate|i:1572725019;'),('5s69hq2ua633f825bi5smcdbg6c0u7vs','127.0.0.1',1572725135,_binary '__ci_last_regenerate|i:1572725135;'),('4a7ekqi1voi7ne8kal9ctr2oeo40q9r7','127.0.0.1',1572725142,_binary '__ci_last_regenerate|i:1572725142;'),('isvveb7doqrp2clccr0q5edhs0akep1o','127.0.0.1',1572725161,_binary '__ci_last_regenerate|i:1572725161;'),('co3478s5n9droqghekceddae02hkbfcm','127.0.0.1',1572725167,_binary '__ci_last_regenerate|i:1572725167;'),('d6bdbpll54fiqqe6h5fh25f175ie9is0','127.0.0.1',1572725738,_binary '__ci_last_regenerate|i:1572725738;'),('pioq4rrubebl5mku9otup4rph7co6kqu','127.0.0.1',1572725900,_binary '__ci_last_regenerate|i:1572725900;'),('eb9n5csgfdmdnl9rv768sf9rmgc846v9','127.0.0.1',1572725906,_binary '__ci_last_regenerate|i:1572725906;'),('be9imj9n5o43klbtat8sd2r5krh69qf5','127.0.0.1',1572725914,_binary '__ci_last_regenerate|i:1572725914;'),('658i4o361o0dt975ivfs8ft3r0i95p82','127.0.0.1',1572726387,_binary '__ci_last_regenerate|i:1572726387;'),('5is3bm7jlv919ic0o0upq8f8gh3jr7vj','127.0.0.1',1572726393,_binary '__ci_last_regenerate|i:1572726393;'),('3518f7jn9dvslc2ocmmd6cduoi9ogidq','127.0.0.1',1572726401,_binary '__ci_last_regenerate|i:1572726401;'),('1c06j235hgq90v8b7k78999gemtfe7n8','127.0.0.1',1572726756,_binary '__ci_last_regenerate|i:1572726756;'),('n4v11f0td2ths66c2b2133v6vk86vuk3','127.0.0.1',1572726837,_binary '__ci_last_regenerate|i:1572726837;'),('tih1bhbplq486ojun275u892jnhq5baq','127.0.0.1',1572726882,_binary '__ci_last_regenerate|i:1572726882;'),('dfrm8o69t9apcjrfhtijud2nvav8b2dk','127.0.0.1',1572726950,_binary '__ci_last_regenerate|i:1572726950;'),('6bu7oj2i9vtfenit8bar7kfucceb61ph','127.0.0.1',1572726966,_binary '__ci_last_regenerate|i:1572726966;'),('57q217gknqoir4ln963i4nd4v59a65sm','127.0.0.1',1572726972,_binary '__ci_last_regenerate|i:1572726972;'),('fa68msofs4ir30am5flutcqsc48466lq','127.0.0.1',1572727584,_binary '__ci_last_regenerate|i:1572727584;'),('eocljun4r6bui01ouq0hjbbkk372ohra','127.0.0.1',1572727596,_binary '__ci_last_regenerate|i:1572727596;'),('k63r51gu55lltq726js9eoeg96hfvump','127.0.0.1',1572727657,_binary '__ci_last_regenerate|i:1572727657;'),('f3nntbbu6hm86e60efk109nba784960m','127.0.0.1',1572727664,_binary '__ci_last_regenerate|i:1572727664;'),('ha7ju5fh2s6ha9ps8pi18oj9oivk4ted','127.0.0.1',1572727671,_binary '__ci_last_regenerate|i:1572727671;'),('ac97q5f8je0rv17cehal4lttdcu3mj2v','127.0.0.1',1572727679,_binary '__ci_last_regenerate|i:1572727679;'),('4rjcrbup4klqq6degkv3pda1il3h6alr','127.0.0.1',1572727689,_binary '__ci_last_regenerate|i:1572727689;'),('qqg92nsqa0fq4hn031g15ff3au651f1n','127.0.0.1',1572727702,_binary '__ci_last_regenerate|i:1572727702;'),('gppqc5atdlcbfejbeg7919lh1d9p55as','127.0.0.1',1572727712,_binary '__ci_last_regenerate|i:1572727712;'),('gpplb5qmoh52u173j8gj64otgnvi3ul4','127.0.0.1',1572727712,_binary '__ci_last_regenerate|i:1572727712;');
/*!40000 ALTER TABLE `ci_sessions` ENABLE KEYS */;
UNLOCK TABLES;

--
-- Table structure for table `log_login`
--

DROP TABLE IF EXISTS `log_login`;
/*!40101 SET @saved_cs_client     = @@character_set_client */;
/*!50503 SET character_set_client = utf8mb4 */;
CREATE TABLE `log_login` (
  `log_login_id` int(11) NOT NULL AUTO_INCREMENT,
  `user_id` int(11) NOT NULL,
  `os_type` varchar(355) NOT NULL,
  `browser_detail` varchar(355) NOT NULL,
  `ip_address` varchar(45) NOT NULL,
  `log_datetime` datetime NOT NULL,
  PRIMARY KEY (`log_login_id`)
) ENGINE=InnoDB AUTO_INCREMENT=8 DEFAULT CHARSET=latin1;
/*!40101 SET character_set_client = @saved_cs_client */;

--
-- Dumping data for table `log_login`
--

LOCK TABLES `log_login` WRITE;
/*!40000 ALTER TABLE `log_login` DISABLE KEYS */;
INSERT INTO `log_login` VALUES (1,5,'Windows 10','Chrome 74.0.3729.131','127.0.0.1','2019-05-08 23:48:58'),(2,5,'Windows 10','Chrome 74.0.3729.131','127.0.0.1','2019-05-09 23:53:16'),(3,6,'Windows 10','Chrome 74.0.3729.131','127.0.0.1','2019-05-10 00:34:08'),(4,6,'Windows 10','Chrome 74.0.3729.131','127.0.0.1','2019-05-10 00:37:37'),(5,5,'Windows 10','Chrome 74.0.3729.131','127.0.0.1','2019-05-10 09:11:15'),(6,5,'Windows 10','Chrome 74.0.3729.131','127.0.0.1','2019-05-10 09:49:06'),(7,5,'Windows 10','Chrome 78.0.3904.87','127.0.0.1','2019-11-02 21:19:05');
/*!40000 ALTER TABLE `log_login` ENABLE KEYS */;
UNLOCK TABLES;

--
-- Table structure for table `post`
--

DROP TABLE IF EXISTS `post`;
/*!40101 SET @saved_cs_client     = @@character_set_client */;
/*!50503 SET character_set_client = utf8mb4 */;
CREATE TABLE `post` (
  `post_id` int(11) NOT NULL AUTO_INCREMENT,
  `post_date` date NOT NULL,
  `post_title` varchar(255) NOT NULL,
  `post_content` longtext NOT NULL,
  `post_type_id` int(11) NOT NULL,
  `user_id` int(11) NOT NULL,
  PRIMARY KEY (`post_id`)
) ENGINE=InnoDB AUTO_INCREMENT=17 DEFAULT CHARSET=latin1;
/*!40101 SET character_set_client = @saved_cs_client */;

--
-- Dumping data for table `post`
--

LOCK TABLES `post` WRITE;
/*!40000 ALTER TABLE `post` DISABLE KEYS */;
INSERT INTO `post` VALUES (12,'2019-05-10','HASIL USAHASAMA UMS DAN CYBERSECURITY MALAYSIA WUJUDKAN KLINIK KESELAMATAN SIBER PERTAMA DI BORNEO','<p style=\"margin: 13px 0px 13px 15px; padding: 0px; font-family: &quot;PT Sans&quot;, Arial, &quot;Arial Unicode MS&quot;, Helvetica, sans-serif; font-size: 14px;\"><strong>KOTA KINABALU, 25 FEBRUARI 2018</strong>&nbsp;: Universiti Malaysia Sabah (UMS) melalui Fakulti Komputeran dan Informatik (FKI) bersama Kementerian Sains Teknologi&nbsp; dan Inovasi (MOSTI) melalui agensinya, CyberSecurity Malaysia (CSM) telah menandatangani memorandum perjanjian (MoA) untuk berkolaborasi mewujudkan Klinik Keselamatan Siber hari ini.</p><p style=\"margin: 13px 0px 13px 15px; padding: 0px; font-family: &quot;PT Sans&quot;, Arial, &quot;Arial Unicode MS&quot;, Helvetica, sans-serif; font-size: 14px;\">Majlis menandatangani MoA tersebut berlangsung di sebuah hotel di Bandaraya Kota Kinabalu yang menyaksikan Naib Canselor UMS, Prof. Datuk Dr. D Kamarudin D Mudin menandatanganinya bagi pihak UMS sementara CSM diwakili oleh Ketua Pegawai Eksekutif, Dato Dr. Haji Amirudin Abdul Wahab dan disaksikan oleh Menteri&nbsp; Sains, Teknologi dan Inovasi, Datuk Seri Panglima Wilfred Madius Tangau.</p><p style=\"margin: 13px 0px 13px 15px; padding: 0px; font-family: &quot;PT Sans&quot;, Arial, &quot;Arial Unicode MS&quot;, Helvetica, sans-serif; font-size: 14px;\">Klinik Keselamatan Siber yang kini dalam proses pembangunan di FKI merupakan satu inisiatif dari UMS untuk menyediakan satu perkhidmatan forensik digital yang mudah serta dipercayai.</p><p style=\"margin: 13px 0px 13px 15px; padding: 0px; font-family: &quot;PT Sans&quot;, Arial, &quot;Arial Unicode MS&quot;, Helvetica, sans-serif; font-size: 14px;\">Objektif utama diwujudkan Klinik Keselamatan Siber adalah untuk ?membantu mereka yang memerlukan pembaikpulihan maklumat aset atau data daripada pemacu keras yang telah rosak.</p><p style=\"margin: 13px 0px 13px 15px; padding: 0px; font-family: &quot;PT Sans&quot;, Arial, &quot;Arial Unicode MS&quot;, Helvetica, sans-serif; font-size: 14px;\">Antara perkhidmatan yang akan ditawarkan seperti pemulihan data, sanitasi data dan perkhidmatan konsultansi bukan sahaja kepada agensi kerajaan, malahan syarikat swasta dan orang awam.</p><p style=\"margin: 13px 0px 13px 15px; padding: 0px; font-family: &quot;PT Sans&quot;, Arial, &quot;Arial Unicode MS&quot;, Helvetica, sans-serif; font-size: 14px;\">Inisiatif ini yang dilaksanakan di bawah program Pembangunan Usahawan MyCyberSecurity Clinic (MyCSC) merupakan satu program perkembangan cawangan MyCSC yang telah dibangunkan oleh pihak CyberSecurity Malaysia.</p><p style=\"margin: 13px 0px 13px 15px; padding: 0px; font-family: &quot;PT Sans&quot;, Arial, &quot;Arial Unicode MS&quot;, Helvetica, sans-serif; font-size: 14px;\">Program ini bermatlamat untuk menyemarakkan pembangunan keusahawanan khusus dalam bidang keselamatan siber di seluruh Malaysia.</p><p style=\"margin: 13px 0px 13px 15px; padding: 0px; font-family: &quot;PT Sans&quot;, Arial, &quot;Arial Unicode MS&quot;, Helvetica, sans-serif; font-size: 14px;\">Prof. Datuk Dr. D Kamarudin D Mudin berkata, Klinik Keselamatan Siber akan menyediakan platform bagi seluruh rakyat Sabah amnya dan warga UMS khasnya untuk mendapatkan bantuan dan khidmat dalam menyelesaikan masalah yang berkaitan dengan perkhidmatan forensik digital dan perkhidmatan berkaitan ICT daripada sumber yang dipercayai dengan kos yang sangat kompetitif.</p><p style=\"margin: 13px 0px 13px 15px; padding: 0px; font-family: &quot;PT Sans&quot;, Arial, &quot;Arial Unicode MS&quot;, Helvetica, sans-serif; font-size: 14px;\">Klinik ini juga merupakan klinik siber yang pertama seumpamanya di Borneo. Secara tidak langsung, ia juga memberi peluang kepada para pelajar UMS untuk memanfaatkan perkhidmatan yang disediakan selain memberi pendedahan kepada? bidang kerjaya yang berkaitan dengan forensik digital.</p><p style=\"margin: 13px 0px 13px 15px; padding: 0px; font-family: &quot;PT Sans&quot;, Arial, &quot;Arial Unicode MS&quot;, Helvetica, sans-serif; font-size: 14px;\">Melalui klinik ini, ia juga menyokong aktiviti pengajaran dan pembelajaran terutamanya dalam bidang berkaitan dengan keselamatan siber dengan memberikan pendedahan secara praktikal kepada para pelajar dan seterusnya menjadikan UMS sebagai universiti awam pertama di Malaysia yang mempunyai program seumpama ini, katanya.</p><p style=\"margin: 13px 0px 13px 15px; padding: 0px; font-family: &quot;PT Sans&quot;, Arial, &quot;Arial Unicode MS&quot;, Helvetica, sans-serif; font-size: 14px;\">Tambah beliau lagi, inisiatif ini juga dilihat sebagai salah satu usaha universiti mempelbagaikan sumber penjanaan pendapatannya.</p><p style=\"margin: 13px 0px 13px 15px; padding: 0px; font-family: &quot;PT Sans&quot;, Arial, &quot;Arial Unicode MS&quot;, Helvetica, sans-serif; font-size: 14px;\">Selari dengan hasrat UMS ke arah transformasi Universiti Industri 4.0, inisiatif ini juga akan memberi pendedahan kepada penyelidik tentang potensi penyelidikan? berkaitan dengan keselamatan siber yang mana potensi kajian kes dan data-data penyelidikan boleh diperoleh dengan lebih mudah.</p><p style=\"margin: 13px 0px 13px 15px; padding: 0px; font-family: &quot;PT Sans&quot;, Arial, &quot;Arial Unicode MS&quot;, Helvetica, sans-serif; font-size: 14px;\">Saya percaya, pelbagai bentuk kerjasama boleh dijalinkan pada masa hadapan bersama CSM untuk merealisasikan hasrat UMS ke arah Universiti Industri 4.0, katanya lagi.</p><p style=\"margin: 13px 0px 13px 15px; padding: 0px; font-family: &quot;PT Sans&quot;, Arial, &quot;Arial Unicode MS&quot;, Helvetica, sans-serif; font-size: 14px;\">Dalam pada itu, Dato Dr. Hj. Amirudin Abdul Wahab berkata, Klinik Keselamatan Siber merupakan inisiatif CSM yang dibangunkan khusus sebagai touch point kepada pengguna internet di Malaysia sama ada individu, agensi dan jabatan kerajaan, agensi swasta dan para usahawan kecil dan sederhana.</p><p style=\"margin: 13px 0px 13px 15px; padding: 0px; font-family: &quot;PT Sans&quot;, Arial, &quot;Arial Unicode MS&quot;, Helvetica, sans-serif; font-size: 14px;\">Mereka juga boleh mendapatkan perkhidmatan berkaitan keselamatan siber serta bantuan kecemasan siber seperti melaporkan insiden serta ancaman keselamatan siber dengan lebih mudah, katanya yang turut berterima kasih dengan UMS yang sangat komited mewujudkan Klinik Keselamatan Siber di Sabah.</p><p style=\"margin: 13px 0px 13px 15px; padding: 0px; font-family: &quot;PT Sans&quot;, Arial, &quot;Arial Unicode MS&quot;, Helvetica, sans-serif; font-size: 14px;\">Saya berharap agar kerjasama ini dapat melestarikan bidang keselamatan siber di Malaysia, khususnya di negeri Sabah, katanya lagi.</p><p style=\"margin: 13px 0px 13px 15px; padding: 0px; font-family: &quot;PT Sans&quot;, Arial, &quot;Arial Unicode MS&quot;, Helvetica, sans-serif; font-size: 14px;\">Klinik Keselamatan Siber ini dijangka akan mula beroperasi pada 15 April 2018.</p>',1,6),(13,'2019-05-11','Activities for Mobility Exchange Students (26 Nov 2017)','<p style=\"margin: 13px 0px 13px 15px; padding: 0px; font-family: &quot;PT Sans&quot;, Arial, &quot;Arial Unicode MS&quot;, Helvetica, sans-serif; font-size: 14px;\">On Semester 1 Session 2017/2018, Faculty of Computing and Informatics (FCI) have received three (3) students from Universiti Utara Malaysia under Student Mobility Program. The faculty has organized a goodwill tour to welcome them. The purpose of the tour is to introduce the beauty and uniqueness of the Ranau District and the cultural of Sabahan community.&nbsp;</p><p style=\"margin: 13px 0px 13px 15px; padding: 0px; font-family: &quot;PT Sans&quot;, Arial, &quot;Arial Unicode MS&quot;, Helvetica, sans-serif; font-size: 14px;\">&nbsp;</p><p style=\"margin: 13px 0px 13px 15px; padding: 0px; font-family: &quot;PT Sans&quot;, Arial, &quot;Arial Unicode MS&quot;, Helvetica, sans-serif; font-size: 14px;\">The tour was conducted on 26 November 2017 and supervised by two FCI lecturers, Cik Nordaliela Mohd Rusli and Cik Norhayati Daut. The journey started as early as 6am and it took two (2) to three (3) hours to reach Ranau. Upon arrival at Kundasang, students were introduced with Bukit Crystal which is one of the famous scenic locations at Kundasang town.&nbsp;</p><p style=\"margin: 13px 0px 13px 15px; padding: 0px; font-family: &quot;PT Sans&quot;, Arial, &quot;Arial Unicode MS&quot;, Helvetica, sans-serif; font-size: 14px;\">&nbsp;</p><p style=\"margin: 13px 0px 13px 15px; padding: 0px; font-family: &quot;PT Sans&quot;, Arial, &quot;Arial Unicode MS&quot;, Helvetica, sans-serif; font-size: 14px;\">After that, the tour proceeds to the Sungai Moroli at Kampung Luanti, Ranau to visit the fish conservation area. The students were also been introduced with the tagal system which found on the river. They also had the opportunity to get to know some local foods preparation methods such as Serunding Tahau.</p><p style=\"margin: 13px 0px 13px 15px; padding: 0px; font-family: &quot;PT Sans&quot;, Arial, &quot;Arial Unicode MS&quot;, Helvetica, sans-serif; font-size: 14px;\">&nbsp;</p><p style=\"margin: 13px 0px 13px 15px; padding: 0px; font-family: &quot;PT Sans&quot;, Arial, &quot;Arial Unicode MS&quot;, Helvetica, sans-serif; font-size: 14px;\">Later, the tour was continued to a tea plantation which located near to Kampung Luanti. In addition to view the tea leaf processing, the history of the Prisoner of War (POW) was also introduced. The tea plantation is the route for POW Route which used in Sandakan Death March during the war between 1942 and 1943. During the POW, Australian and British forces were forced to walk 260km from Sandakan to Ranau.&nbsp;&nbsp;&nbsp; &nbsp;</p><p style=\"margin: 13px 0px 13px 15px; padding: 0px; font-family: &quot;PT Sans&quot;, Arial, &quot;Arial Unicode MS&quot;, Helvetica, sans-serif; font-size: 14px;\">&nbsp;</p><p style=\"margin: 13px 0px 13px 15px; padding: 0px; font-family: &quot;PT Sans&quot;, Arial, &quot;Arial Unicode MS&quot;, Helvetica, sans-serif; font-size: 14px;\">Next destination was Poring Hot Springs. The students were briefed on the history of the existence of hot springs and its properties. They also had the chance to try the 175-meter long canopy route that is 40 meters height from the ground. &nbsp;&nbsp;&nbsp;</p><p style=\"margin: 13px 0px 13px 15px; padding: 0px; font-family: &quot;PT Sans&quot;, Arial, &quot;Arial Unicode MS&quot;, Helvetica, sans-serif; font-size: 14px;\">The tour was ended around 4.30pm when the rain began to fall heavily. The journey back to Kota Kinabalu began after visiting the vegetable and fruit markets at Kundasang. The students arrived at their hostels around 6.45pm.</p>',2,6),(14,'2019-05-18','BUSINESS IDEA CHALLENGE COMPETITION','<p style=\"margin: 13px 0px 13px 15px; padding: 0px; font-family: &quot;PT Sans&quot;, Arial, &quot;Arial Unicode MS&quot;, Helvetica, sans-serif; font-size: 14px;\">28 May 2016, in conjunction with Sabah SME Week 2016, organized by Sabah State Government, UMS and ERDEC holding a Business Idea Challenge competition where members of public are invited to pitch their business ideas to a panel. Participants are given a 3-minutes time frame to present their business ideas. There are three categories for the competition, namely the open category, tertiary level category for college and university students and secondary students category. Winners of the open and tertiary categories will receive RM1,000 cash prize, RM500 for first runner-up and RM300 for second runner-up. While, secondary school winner will receive RM500, followed by RM300 and RM200 for the second and third places respectively. All prizes and additional 3 consolations prizes RM200 each were sponsored by Sabah Department of Industrial Development and Research (DIDR) to all categories.</p><p style=\"margin: 13px 0px 13px 15px; padding: 0px; font-family: &quot;PT Sans&quot;, Arial, &quot;Arial Unicode MS&quot;, Helvetica, sans-serif; font-size: 14px;\">There are 13 participants for open category, 4 participants for school category and 42 participants registered for tertiary level category which mostly from Universiti Malaysia Sabah (UMS).&nbsp; 4 prizes won by our Faculty of Computing and Informatics (FCI) students namely, first runner-up won by Tang Yi Hao (1st year) with the business idea titled Bar, second runner-up won by Ang Iye Szin (2nd year) with business idea called Simplicity, and two consolations prizes won by group technopreneurship, EZShot with their products EZ Handler and individual by Kok Khong Wei (2nd year) with business idea Bus locator. Whereas, another two prizes, which is grand, prizes and another consolation won by UMS Sandakan.&nbsp; &nbsp;</p>',1,6),(15,'2019-05-25','ADVANCED MULTIMEDIA ANIMATION SHOWCASE','<p style=\"margin: 13px 0px 13px 15px; padding: 0px; font-family: &quot;PT Sans&quot;, Arial, &quot;Arial Unicode MS&quot;, Helvetica, sans-serif; font-size: 14px;\">UMSKAL, LABUAN: A Toon Boom Animation Showcase has been carried out by the 3<sup>rd</sup>&nbsp;year Multimedia Technology students in UMSKAL. This animation showcase was a project done by the students for the purpose to show the learning outcome throughout the lectures of the course Advance Multimedia, under the supervised of the course lecturer Sir Ryan Macdonell Andrias.</p><p style=\"margin: 13px 0px 13px 15px; padding: 0px; font-family: &quot;PT Sans&quot;, Arial, &quot;Arial Unicode MS&quot;, Helvetica, sans-serif; font-size: 14px;\">The time and venue of the showcase was set at 10am-1pm, 25 May 2016 and was located at the UMSKAL lobby. There are 9 groups of students for the course which are then subdivided into 2 more subgroups, making a total of 18 groups and animations participating the showcase. All of the animations shown were produced by the students using Toon Boom Animate Pro.</p>',2,6),(16,'2019-05-18','WRC FCI DID IT AGAIN! FREEMARKET@UMS 2018','<p style=\"margin: 13px 0px 13px 15px; padding: 0px; font-family: &quot;PT Sans&quot;, Arial, &quot;Arial Unicode MS&quot;, Helvetica, sans-serif; font-size: 14px;\"><span style=\"font-family: Arial, Helvetica, sans-serif;\">A total of 400 people participated in the second FreeMarket@UMS 2018 organized by Wellfare and Recreation Club, Faculty of Computing and Informatics in collaboration with Pusat Islam UMS on 10 March 2018. The event was held at Block B Parking Lot, Faculty of Engineering Building starting from 8am.</span></p><p style=\"margin: 13px 0px 13px 15px; padding: 0px; font-family: &quot;PT Sans&quot;, Arial, &quot;Arial Unicode MS&quot;, Helvetica, sans-serif; font-size: 14px;\"><span style=\"font-family: Arial, Helvetica, sans-serif;\">The charity event was aimed to serve as a platform for everyone who wants to donate to help those who are in need. The concept of a freemarket is that everything is free and visitors have to ask politely from the contributor while the contributor will give willingly with a smile.</span></p><p style=\"margin: 13px 0px 13px 15px; padding: 0px; font-family: &quot;PT Sans&quot;, Arial, &quot;Arial Unicode MS&quot;, Helvetica, sans-serif; font-size: 14px;\"><span style=\"font-family: Arial, Helvetica, sans-serif;\">According to the Chairman of the event, Dr. Lau Hui Keng, the reception from the contributors and receivers are overwhelming. Out of 400 participants, 50 of them are contributors and in rough estimate, there are more than 2000 items exchanged hands on that day.</span></p><p style=\"margin: 13px 0px 13px 15px; padding: 0px; font-family: &quot;PT Sans&quot;, Arial, &quot;Arial Unicode MS&quot;, Helvetica, sans-serif; font-size: 14px;\"><span style=\"font-family: Arial, Helvetica, sans-serif;\">The receivers came from all walks of life; from UMS community as well as from the public. They are extremely grateful for the donations and bagful of items received. The contributors are not only from Kota Kinabalu but also as far as Tawau. Items donated include clothes (men, women, kids), fashion accessories, food, drinks, kitchen utensils and gadgets, books, appliances, health and beauty products, toys, home appliances,&nbsp; and many more.To appreciate the contributions, certificate of appreciation was given to the contributors at the event.</span></p><p style=\"margin: 13px 0px 13px 15px; padding: 0px; font-family: &quot;PT Sans&quot;, Arial, &quot;Arial Unicode MS&quot;, Helvetica, sans-serif; font-size: 14px;\"><span style=\"font-family: Arial, Helvetica, sans-serif;\">For those who are interested to contribute as well as those in need, the official Facebook page for Freemarket@UMS is at&nbsp;<a href=\"https://www.facebook.com/freemarketUMS/\" style=\"margin: 0px; padding: 0px; font-family: &quot;PT Sans&quot;, Arial, &quot;Arial Unicode MS&quot;, Helvetica, sans-serif; line-height: 24.5px; color: rgb(26, 30, 142);\">https://www.facebook.com/freemarketUMS/</a>. All information regarding the previous and coming events can be found there.</span></p>',1,6);
/*!40000 ALTER TABLE `post` ENABLE KEYS */;
UNLOCK TABLES;

--
-- Table structure for table `post_type`
--

DROP TABLE IF EXISTS `post_type`;
/*!40101 SET @saved_cs_client     = @@character_set_client */;
/*!50503 SET character_set_client = utf8mb4 */;
CREATE TABLE `post_type` (
  `post_type_id` int(11) NOT NULL AUTO_INCREMENT,
  `post_name` varchar(100) NOT NULL,
  PRIMARY KEY (`post_type_id`)
) ENGINE=InnoDB AUTO_INCREMENT=3 DEFAULT CHARSET=latin1;
/*!40101 SET character_set_client = @saved_cs_client */;

--
-- Dumping data for table `post_type`
--

LOCK TABLES `post_type` WRITE;
/*!40000 ALTER TABLE `post_type` DISABLE KEYS */;
INSERT INTO `post_type` VALUES (1,'News'),(2,'Event');
/*!40000 ALTER TABLE `post_type` ENABLE KEYS */;
UNLOCK TABLES;

--
-- Table structure for table `question`
--

DROP TABLE IF EXISTS `question`;
/*!40101 SET @saved_cs_client     = @@character_set_client */;
/*!50503 SET character_set_client = utf8mb4 */;
CREATE TABLE `question` (
  `ques_id` int(11) NOT NULL AUTO_INCREMENT,
  `ques_image` varchar(255) DEFAULT NULL,
  `question` longtext NOT NULL,
  PRIMARY KEY (`ques_id`)
) ENGINE=InnoDB AUTO_INCREMENT=9 DEFAULT CHARSET=latin1 COMMENT='list of question';
/*!40101 SET character_set_client = @saved_cs_client */;

--
-- Dumping data for table `question`
--

LOCK TABLES `question` WRITE;
/*!40000 ALTER TABLE `question` DISABLE KEYS */;
INSERT INTO `question` VALUES (1,'','Which do you prefer?'),(2,NULL,'Which do you prefer?'),(3,NULL,'Which do you prefer?'),(4,NULL,'Which do you prefer?'),(5,NULL,'Which do you prefer?'),(6,NULL,'Which do you prefer?'),(7,NULL,'Which do you prefer?'),(8,NULL,'Which do you prefer?');
/*!40000 ALTER TABLE `question` ENABLE KEYS */;
UNLOCK TABLES;

--
-- Table structure for table `slider`
--

DROP TABLE IF EXISTS `slider`;
/*!40101 SET @saved_cs_client     = @@character_set_client */;
/*!50503 SET character_set_client = utf8mb4 */;
CREATE TABLE `slider` (
  `slider_id` int(11) NOT NULL AUTO_INCREMENT,
  `slider_img` varchar(255) NOT NULL,
  `slider_name` varchar(255) NOT NULL,
  `upload_date` date NOT NULL,
  `slider_href` varchar(255) NOT NULL,
  `admin_id` int(11) NOT NULL,
  PRIMARY KEY (`slider_id`)
) ENGINE=InnoDB DEFAULT CHARSET=latin1 COMMENT='website image slider';
/*!40101 SET character_set_client = @saved_cs_client */;

--
-- Dumping data for table `slider`
--

LOCK TABLES `slider` WRITE;
/*!40000 ALTER TABLE `slider` DISABLE KEYS */;
/*!40000 ALTER TABLE `slider` ENABLE KEYS */;
UNLOCK TABLES;

--
-- Table structure for table `token`
--

DROP TABLE IF EXISTS `token`;
/*!40101 SET @saved_cs_client     = @@character_set_client */;
/*!50503 SET character_set_client = utf8mb4 */;
CREATE TABLE `token` (
  `token_id` int(11) NOT NULL AUTO_INCREMENT,
  `user_id` int(11) NOT NULL,
  `token_type_id` int(11) NOT NULL,
  `token_code` varchar(255) NOT NULL,
  `is_active_id` int(11) NOT NULL DEFAULT '1',
  `datetime_created` date NOT NULL,
  PRIMARY KEY (`token_id`)
) ENGINE=InnoDB DEFAULT CHARSET=latin1;
/*!40101 SET character_set_client = @saved_cs_client */;

--
-- Dumping data for table `token`
--

LOCK TABLES `token` WRITE;
/*!40000 ALTER TABLE `token` DISABLE KEYS */;
/*!40000 ALTER TABLE `token` ENABLE KEYS */;
UNLOCK TABLES;

--
-- Table structure for table `token_type`
--

DROP TABLE IF EXISTS `token_type`;
/*!40101 SET @saved_cs_client     = @@character_set_client */;
/*!50503 SET character_set_client = utf8mb4 */;
CREATE TABLE `token_type` (
  `token_type_id` int(11) NOT NULL AUTO_INCREMENT,
  `token_tyoe_name` varchar(255) NOT NULL,
  `datetime_created` datetime NOT NULL,
  PRIMARY KEY (`token_type_id`)
) ENGINE=InnoDB AUTO_INCREMENT=3 DEFAULT CHARSET=latin1;
/*!40101 SET character_set_client = @saved_cs_client */;

--
-- Dumping data for table `token_type`
--

LOCK TABLES `token_type` WRITE;
/*!40000 ALTER TABLE `token_type` DISABLE KEYS */;
INSERT INTO `token_type` VALUES (1,'Reset password','2018-06-27 01:02:01'),(2,'more token type','2018-06-27 00:00:00');
/*!40000 ALTER TABLE `token_type` ENABLE KEYS */;
UNLOCK TABLES;

--
-- Table structure for table `user`
--

DROP TABLE IF EXISTS `user`;
/*!40101 SET @saved_cs_client     = @@character_set_client */;
/*!50503 SET character_set_client = utf8mb4 */;
CREATE TABLE `user` (
  `user_id` int(11) NOT NULL AUTO_INCREMENT,
  `user_lvl` int(2) NOT NULL DEFAULT '1',
  `is_active` int(11) NOT NULL DEFAULT '1',
  `is_verify` int(11) NOT NULL DEFAULT '0',
  `username` varchar(255) NOT NULL,
  `email` varchar(255) NOT NULL,
  `pswd` varchar(355) NOT NULL,
  `profile_img` varchar(255) DEFAULT NULL,
  `reg_datetime` datetime NOT NULL,
  PRIMARY KEY (`user_id`),
  UNIQUE KEY `username` (`username`),
  UNIQUE KEY `email` (`email`)
) ENGINE=InnoDB AUTO_INCREMENT=7 DEFAULT CHARSET=latin1 COMMENT='user_lvl = 1 (user) 2 (high level user)\\n is_verify = 0 (Not verified) 1 (verified)';
/*!40101 SET character_set_client = @saved_cs_client */;

--
-- Dumping data for table `user`
--

LOCK TABLES `user` WRITE;
/*!40000 ALTER TABLE `user` DISABLE KEYS */;
INSERT INTO `user` VALUES (4,1,1,1,'jaironlanda','jaironlanda@yahoo.com','$2y$10$fXsdWsGuX2eUHMESUicGEun7MET7yDx5DLA.8udmfbr5reeHDKGKa','','2018-06-13 03:32:38'),(5,1,1,1,'jaypark','jaironlanda@gmail.com','$2y$10$M6mx8WgdRsTdhScQ7.SxEOLsokbvPwyxCFDC5IEqKXDP5ho34WZkC','','2019-02-27 19:35:41'),(6,1,1,0,'admin','jaironlanda@outlook.com','$2y$10$CMrZhFFYrWqZkxWw4JT2fuN6OGxZW4Qdgb7TIVicX9PrOlSO6SX5S',NULL,'2019-05-10 00:34:02');
/*!40000 ALTER TABLE `user` ENABLE KEYS */;
UNLOCK TABLES;

--
-- Table structure for table `user_lvl`
--

DROP TABLE IF EXISTS `user_lvl`;
/*!40101 SET @saved_cs_client     = @@character_set_client */;
/*!50503 SET character_set_client = utf8mb4 */;
CREATE TABLE `user_lvl` (
  `user_lv_idl` int(11) NOT NULL AUTO_INCREMENT,
  `user_lvl_name` varchar(45) NOT NULL,
  `datetime_created` datetime NOT NULL,
  PRIMARY KEY (`user_lv_idl`),
  UNIQUE KEY `id_user_lvl_UNIQUE` (`user_lv_idl`)
) ENGINE=InnoDB AUTO_INCREMENT=4 DEFAULT CHARSET=latin1 COMMENT='List user level';
/*!40101 SET character_set_client = @saved_cs_client */;

--
-- Dumping data for table `user_lvl`
--

LOCK TABLES `user_lvl` WRITE;
/*!40000 ALTER TABLE `user_lvl` DISABLE KEYS */;
INSERT INTO `user_lvl` VALUES (1,'user','2019-02-16 06:20:32'),(2,'admin','2019-02-16 06:20:32'),(3,'super_admin','2019-02-16 06:20:32');
/*!40000 ALTER TABLE `user_lvl` ENABLE KEYS */;
UNLOCK TABLES;
/*!40103 SET TIME_ZONE=@OLD_TIME_ZONE */;

/*!40101 SET SQL_MODE=@OLD_SQL_MODE */;
/*!40014 SET FOREIGN_KEY_CHECKS=@OLD_FOREIGN_KEY_CHECKS */;
/*!40014 SET UNIQUE_CHECKS=@OLD_UNIQUE_CHECKS */;
/*!40101 SET CHARACTER_SET_CLIENT=@OLD_CHARACTER_SET_CLIENT */;
/*!40101 SET CHARACTER_SET_RESULTS=@OLD_CHARACTER_SET_RESULTS */;
/*!40101 SET COLLATION_CONNECTION=@OLD_COLLATION_CONNECTION */;
/*!40111 SET SQL_NOTES=@OLD_SQL_NOTES */;

-- Dump completed on 2019-11-03  5:03:00
